-- MariaDB dump 10.17  Distrib 10.4.12-MariaDB, for debian-linux-gnu (x86_64)
--
-- Host: 10.0.3.78    Database: cart2cart
-- ------------------------------------------------------
-- Server version	10.4.24-MariaDB

/*!40101 SET @OLD_CHARACTER_SET_CLIENT=@@CHARACTER_SET_CLIENT */;
/*!40101 SET @OLD_CHARACTER_SET_RESULTS=@@CHARACTER_SET_RESULTS */;
/*!40101 SET @OLD_COLLATION_CONNECTION=@@COLLATION_CONNECTION */;
/*!40101 SET NAMES utf8mb4 */;
/*!40103 SET @OLD_TIME_ZONE=@@TIME_ZONE */;
/*!40103 SET TIME_ZONE='+00:00' */;
/*!40014 SET @OLD_UNIQUE_CHECKS=@@UNIQUE_CHECKS, UNIQUE_CHECKS=0 */;
/*!40014 SET @OLD_FOREIGN_KEY_CHECKS=@@FOREIGN_KEY_CHECKS, FOREIGN_KEY_CHECKS=0 */;
/*!40101 SET @OLD_SQL_MODE=@@SQL_MODE, SQL_MODE='NO_AUTO_VALUE_ON_ZERO' */;
/*!40111 SET @OLD_SQL_NOTES=@@SQL_NOTES, SQL_NOTES=0 */;

--
-- Table structure for table `accounts`
--

DROP TABLE IF EXISTS `accounts`;
/*!40101 SET @saved_cs_client     = @@character_set_client */;
/*!40101 SET character_set_client = utf8 */;
CREATE TABLE `accounts` (
                            `id` int(11) NOT NULL AUTO_INCREMENT,
                            `group_id` int(11) NOT NULL DEFAULT 0,
                            `role` enum('admin','partner','user') COLLATE utf8_bin NOT NULL DEFAULT 'user',
                            `email` varchar(255) CHARACTER SET latin1 DEFAULT NULL,
                            `firstname` varchar(255) CHARACTER SET latin1 DEFAULT NULL,
                            `lastname` varchar(255) CHARACTER SET latin1 DEFAULT NULL,
                            `password` varchar(255) CHARACTER SET latin1 DEFAULT NULL,
                            `discount` decimal(3,2) DEFAULT 0.00,
                            `balance` int(11) DEFAULT 0,
                            `token` varchar(32) CHARACTER SET latin1 DEFAULT NULL,
                            `date_added` datetime NOT NULL DEFAULT current_timestamp(),
                            `status` enum('active','pending','disabled') CHARACTER SET latin1 DEFAULT 'pending',
                            `comments` text COLLATE utf8_bin NOT NULL,
                            `isp` varchar(45) COLLATE utf8_bin NOT NULL,
                            `country` varchar(55) COLLATE utf8_bin DEFAULT NULL,
                            `company` varchar(55) COLLATE utf8_bin DEFAULT NULL,
                            `industry` varchar(55) COLLATE utf8_bin DEFAULT NULL,
                            `site` varchar(55) COLLATE utf8_bin DEFAULT NULL,
                            `position` varchar(55) COLLATE utf8_bin DEFAULT NULL,
                            `phone` varchar(55) COLLATE utf8_bin DEFAULT NULL,
                            `last_visit` datetime NOT NULL,
                            `last_login_try` datetime NOT NULL,
                            `referer_url` varchar(255) COLLATE utf8_bin DEFAULT NULL,
                            `mark` enum('none','shopify','ads') COLLATE utf8_bin DEFAULT 'none',
                            `subscribe` tinyint(1) DEFAULT 1,
                            `am_subscribe` tinyint(1) DEFAULT 0,
                            `locale` varchar(25) COLLATE utf8_bin DEFAULT 'en_US',
                            `social_id` varchar(255) COLLATE utf8_bin DEFAULT NULL,
                            `login_type` enum('Facebook','Google','') COLLATE utf8_bin NOT NULL DEFAULT '',
                            PRIMARY KEY (`id`),
                            UNIQUE KEY `email` (`email`),
                            KEY `date_added_idx` (`date_added`) USING BTREE,
                            KEY `group_id_idx` (`group_id`)
) ENGINE=InnoDB AUTO_INCREMENT=10 DEFAULT CHARSET=utf8 COLLATE=utf8_bin ROW_FORMAT=DYNAMIC COMMENT='Accounts table - persons who will initiate migration job';
/*!40101 SET character_set_client = @saved_cs_client */;

--
-- Dumping data for table `accounts`
--

LOCK TABLES `accounts` WRITE;
/*!40000 ALTER TABLE `accounts` DISABLE KEYS */;
INSERT INTO `accounts` VALUES (1,1,'admin','root@mail.com','Admin','Adminko','9834969896d9144f9960e8ca2348ec43',0.00,0,'PASTE_SECURITY_TOKEN_HERE','0000-00-00 00:00:00','active','','',NULL,'','','','','','0000-00-00 00:00:00','0000-00-00 00:00:00','','none',0,0,'en_US','',''),(2,1,'admin','admin@mail.com','Admin','Adminko','488d066eeb7439b22f2564087bb4f3d0',0.00,0,'PASTE_SECURITY_TOKEN_HERE','0000-00-00 00:00:00','active','','10.0.3.1',NULL,'','','','','','2022-03-31 17:59:50','2022-03-31 17:59:50','','none',1,0,'en_US',NULL,''),(3,2,'user','user@magneticone.com','Testing','User','c09a6e35f03ba950c9f44f9c23425358',0.00,100000,'PASTE_SECURITY_TOKEN_HERE','0000-00-00 00:00:00','active','','',NULL,'','','','','','0000-00-00 00:00:00','0000-00-00 00:00:00','','none',1,0,'en_US',NULL,''),(4,2,'user','rm_user@magneticone.com','Remigration','Testing','0ac634c4fed508dc5accb53cbfecfafc',0.00,8301,'PASTE_SECURITY_TOKEN_HERE','0000-00-00 00:00:00','active','','',NULL,'','','','','','0000-00-00 00:00:00','0000-00-00 00:00:00','','none',1,0,'en_US',NULL,''),(5,2,'user','testing_user@magneticone.com','Testing','User','c6c8bcbd12f42e3e5d2885e82b57670c',0.00,100000,'PASTE_SECURITY_TOKEN_HERE','0000-00-00 00:00:00','active','','',NULL,'','','','','','0000-00-00 00:00:00','0000-00-00 00:00:00','','none',1,0,'en_US',NULL,''),(6,2,'user','test@mail.com','Test','User','df2a236f204d1fcaf8e9561571866a6f',0.00,10000000,'PASTE_SECURITY_TOKEN_HERE','0000-00-00 00:00:00','active','','',NULL,'','','','','','0000-00-00 00:00:00','0000-00-00 00:00:00','','none',1,0,'en_US',NULL,''),(7,1,'admin','superadmin@magneticone.com','Super','Admin','fd3a396fd795f1a0955275c86266e812',0.00,100000,'PASTE_SECURITY_TOKEN_HERE','0000-00-00 00:00:00','active','','',NULL,'','','','','','0000-00-00 00:00:00','0000-00-00 00:00:00','','none',1,0,'en_US',NULL,''),(8,4,'partner','partner@magneticone.com','Partner','Testing','ccebe8b6df8bc21b0a85786306d92f74',0.00,100000,'PASTE_SECURITY_TOKEN_HERE','0000-00-00 00:00:00','active','','',NULL,'','','','','','0000-00-00 00:00:00','0000-00-00 00:00:00','','none',1,0,'en_US',NULL,''),(9,5,'user','testing@mail.com','tisting','','5afa73d4637706973a1b9c4bafe94283',0.00,20000,'fd9d4451cc0f981734c8d27d6e5d6cb8','2022-03-29 18:44:39','active','','10.0.3.1','','','','','','','2022-03-31 14:05:21','2022-03-31 14:05:21','','none',0,0,'en_US','','');
/*!40000 ALTER TABLE `accounts` ENABLE KEYS */;
UNLOCK TABLES;

--
-- Table structure for table `migrations`
--

DROP TABLE IF EXISTS `migrations`;
/*!40101 SET @saved_cs_client     = @@character_set_client */;
/*!40101 SET character_set_client = utf8 */;
CREATE TABLE `migrations` (
                              `id` int(11) NOT NULL AUTO_INCREMENT,
                              `account_id` int(11) NOT NULL DEFAULT 0,
                              `price_in_credits` int(11) DEFAULT NULL,
                              `price_in_dollars` decimal(11,2) DEFAULT NULL,
                              `source_store_id` int(11) NOT NULL DEFAULT 0,
                              `target_store_id` int(11) NOT NULL DEFAULT 0,
                              `price_in_credits_with_discount` int(11) DEFAULT 0,
                              `price_in_dollars_with_discount` decimal(11,2) DEFAULT 0.00,
                              `discount` decimal(3,2) DEFAULT 0.00,
                              `status` varchar(50) CHARACTER SET latin1 NOT NULL DEFAULT '',
                              `date_start` datetime DEFAULT NULL,
                              `date_end` datetime DEFAULT NULL,
                              `entities_count` int(11) NOT NULL DEFAULT 0,
                              `processor_id` int(11) NOT NULL DEFAULT 0,
                              `files_copying_status` varchar(255) COLLATE utf8_bin NOT NULL DEFAULT 'pending',
                              `notify_customer` enum('Y','N') CHARACTER SET latin1 DEFAULT 'Y',
                              `options_price_credits` int(11) DEFAULT 0,
                              `options_price_dollars` decimal(11,2) DEFAULT 0.00,
                              `options_price_text` text CHARACTER SET latin1 DEFAULT NULL,
                              `migrated_entities_counts` varchar(255) COLLATE utf8_bin DEFAULT 'a:0:{}',
                              `database_migration_pid` varchar(255) COLLATE utf8_bin NOT NULL DEFAULT '0',
                              `files_migration_pid` varchar(255) COLLATE utf8_bin NOT NULL DEFAULT '0',
                              `failed_options` varchar(512) COLLATE utf8_bin NOT NULL DEFAULT '',
                              `coupon_code` varchar(12) COLLATE utf8_bin NOT NULL DEFAULT '',
                              `coupon_discount_percent` decimal(3,2) NOT NULL DEFAULT 0.00,
                              `coupon_discount_value` decimal(11,2) NOT NULL DEFAULT 0.00,
                              `coupon_account_id` int(11) NOT NULL DEFAULT 0,
                              `images_copied_count` int(11) NOT NULL DEFAULT 0,
                              `images_failed_count` int(11) NOT NULL DEFAULT 0,
                              `parent_id` int(11) NOT NULL DEFAULT 0,
                              `is_package_paid` enum('Y','N') COLLATE utf8_bin NOT NULL DEFAULT 'N',
                              `additional_info` text COLLATE utf8_bin DEFAULT NULL,
                              `instance_halt_time` decimal(11,2) unsigned NOT NULL DEFAULT 0.02,
                              `last_activity` datetime NOT NULL,
                              `ip` varchar(50) COLLATE utf8_bin DEFAULT NULL,
                              `backup_target` enum('Y','N') COLLATE utf8_bin DEFAULT 'N',
                              `last_costs_count_time` timestamp NOT NULL DEFAULT '1970-01-01 00:00:01',
                              `type` enum('regular','recent_data','remigration') COLLATE utf8_bin NOT NULL DEFAULT 'regular',
                              `deleted` tinyint(1) unsigned NOT NULL DEFAULT 0,
                              PRIMARY KEY (`id`),
                              KEY `account_index` (`account_id`),
                              KEY `source_store_id_idx` (`source_store_id`),
                              KEY `target_store_id_idx` (`target_store_id`),
                              KEY `status_idx` (`status`)
) ENGINE=InnoDB AUTO_INCREMENT=30 DEFAULT CHARSET=utf8 COLLATE=utf8_bin ROW_FORMAT=DYNAMIC COMMENT='Table with information about source and target shoppinig car';
/*!40101 SET character_set_client = @saved_cs_client */;

--
-- Dumping data for table `migrations`
--

LOCK TABLES `migrations` WRITE;
/*!40000 ALTER TABLE `migrations` DISABLE KEYS */;
INSERT INTO `migrations` VALUES (1,2,0,0.00,1,2,0,0.00,0.00,'created','0000-00-00 00:00:00','0000-00-00 00:00:00',0,0,'pending','Y',0,0.00,'a:0:{}','a:0:{}','0','0','','',0.00,0.00,0,0,0,0,'N',NULL,0.02,'2022-03-28 11:18:21','10.0.3.1','N','1970-01-01 00:00:01','regular',0),(2,9,0,0.00,3,4,0,0.00,0.00,'created','0000-00-00 00:00:00','0000-00-00 00:00:00',0,0,'pending','Y',0,0.00,'a:0:{}','a:0:{}','0','0','','',0.00,0.00,0,0,0,0,'N',NULL,0.02,'2022-03-29 21:23:49','10.0.3.1','N','1970-01-01 00:00:01','regular',0),(3,9,0,0.00,5,6,0,0.00,0.00,'created',NULL,NULL,0,0,'pending','N',0,0.00,'a:0:{}','a:0:{}','0','0','','',0.00,0.00,0,0,0,0,'N','a:1:{s:13:&quot;package_order&quot;;a:56:{s:8:&quot;username&quot;;a:4:{s:5:&quot;title&quot;;s:4:&quot;Name&quot;;s:5:&quot;group&quot;;s:12:&quot;General Info&quot;;s:5:&quot;flags&quot;;i:1;s:5:&quot;value&quot;;s:8:&quot;Tisting &quot;;}s:8:&quot;usermail&quot;;a:4:{s:5:&quot;title&quot;;s:5:&quot;Email&quot;;s:5:&quot;group&quot;;s:12:&quot;General Info&quot;;s:5:&quot;flags&quot;;i:5;s:5:&quot;value&quot;;s:16:&quot;testing@mail.com&quot;;}s:8:&quot;ticketId&quot;;a:4:{s:5:&quot;title&quot;;s:9:&quot;Ticket ID&quot;;s:5:&quot;group&quot;;s:12:&quot;General Info&quot;;s:5:&quot;flags&quot;;i:0;s:5:&quot;value&quot;;s:0:&quot;&quot;;}s:15:&quot;servicePriority&quot;;a:4:{s:5:&quot;title&quot;;s:16:&quot;Service Priority&quot;;s:5:&quot;group&quot;;s:12:&quot;General Info&quot;;s:5:&quot;flags&quot;;i:1;s:5:&quot;value&quot;;s:33:&quot;MIGRATION_OPTION_SUPPORT_SERVICE1&quot;;}s:20:&quot;servicePriorityTitle&quot;;a:4:{s:5:&quot;title&quot;;s:16:&quot;Service Priority&quot;;s:5:&quot;group&quot;;s:12:&quot;General Info&quot;;s:5:&quot;flags&quot;;i:0;s:5:&quot;value&quot;;s:5:&quot;Basic&quot;;}s:5:&quot;price&quot;;a:4:{s:5:&quot;title&quot;;s:5:&quot;Price&quot;;s:5:&quot;group&quot;;s:12:&quot;General Info&quot;;s:5:&quot;flags&quot;;i:1;s:5:&quot;value&quot;;d:199;}s:6:&quot;coupon&quot;;a:4:{s:5:&quot;title&quot;;s:11:&quot;Coupon Code&quot;;s:5:&quot;group&quot;;s:12:&quot;General Info&quot;;s:5:&quot;flags&quot;;i:0;s:5:&quot;value&quot;;N;}s:8:&quot;entities&quot;;a:4:{s:5:&quot;title&quot;;s:8:&quot;Entities&quot;;s:5:&quot;group&quot;;s:12:&quot;General Info&quot;;s:5:&quot;flags&quot;;i:0;s:5:&quot;value&quot;;s:35:&quot;Products, Categories, Manufacturers&quot;;}s:7:&quot;options&quot;;a:4:{s:5:&quot;title&quot;;s:18:&quot;Additional Options&quot;;s:5:&quot;group&quot;;s:12:&quot;General Info&quot;;s:5:&quot;flags&quot;;i:0;s:5:&quot;value&quot;;s:0:&quot;&quot;;}s:8:&quot;comments&quot;;a:4:{s:5:&quot;title&quot;;s:13:&quot;User comments&quot;;s:5:&quot;group&quot;;s:10:&quot;Additional&quot;;s:5:&quot;flags&quot;;i:0;s:5:&quot;value&quot;;s:0:&quot;&quot;;}s:11:&quot;migrationId&quot;;a:4:{s:5:&quot;title&quot;;s:12:&quot;Migration Id&quot;;s:5:&quot;group&quot;;s:10:&quot;Additional&quot;;s:5:&quot;flags&quot;;i:0;s:5:&quot;value&quot;;s:1:&quot;3&quot;;}s:14:&quot;kayakoTicketId&quot;;a:4:{s:5:&quot;title&quot;;s:17:&quot;Zendesk Ticket Id&quot;;s:5:&quot;group&quot;;s:10:&quot;Additional&quot;;s:5:&quot;flags&quot;;i:0;s:5:&quot;value&quot;;N;}s:12:&quot;jiraReporter&quot;;a:4:{s:5:&quot;title&quot;;s:13:&quot;Jira Reporter&quot;;s:5:&quot;group&quot;;s:10:&quot;Additional&quot;;s:5:&quot;flags&quot;;i:0;s:5:&quot;value&quot;;N;}s:7:&quot;orderId&quot;;a:4:{s:5:&quot;title&quot;;s:8:&quot;Order id&quot;;s:5:&quot;group&quot;;s:10:&quot;Additional&quot;;s:5:&quot;flags&quot;;i:0;s:5:&quot;value&quot;;N;}s:12:&quot;sourcecartId&quot;;a:5:{s:5:&quot;title&quot;;s:20:&quot;source Shopping Cart&quot;;s:5:&quot;group&quot;;s:11:&quot;source info&quot;;s:5:&quot;flags&quot;;i:1;s:7:&quot;message&quot;;s:20:&quot;Cart type is invalid&quot;;s:5:&quot;value&quot;;s:9:&quot;File2Cart&quot;;}s:21:&quot;sourcealreadyProvided&quot;;a:4:{s:5:&quot;title&quot;;s:28:&quot;source Data already provided&quot;;s:5:&quot;group&quot;;s:11:&quot;source info&quot;;s:5:&quot;flags&quot;;i:0;s:5:&quot;value&quot;;s:0:&quot;&quot;;}s:9:&quot;sourceurl&quot;;a:4:{s:5:&quot;title&quot;;s:16:&quot;source Store URL&quot;;s:5:&quot;group&quot;;s:11:&quot;source info&quot;;s:5:&quot;flags&quot;;i:3;s:5:&quot;value&quot;;s:18:&quot;http://fdfdsfs.com&quot;;}s:14:&quot;sourceadminUrl&quot;;a:4:{s:5:&quot;title&quot;;s:16:&quot;source Admin URL&quot;;s:5:&quot;group&quot;;s:11:&quot;source info&quot;;s:5:&quot;flags&quot;;i:11;s:5:&quot;value&quot;;s:23:&quot;http://target.com/dasda&quot;;}s:16:&quot;sourceadminLogin&quot;;a:4:{s:5:&quot;title&quot;;s:18:&quot;source Admin login&quot;;s:5:&quot;group&quot;;s:11:&quot;source info&quot;;s:5:&quot;flags&quot;;i:9;s:5:&quot;value&quot;;s:13:&quot;dasdasdasddas&quot;;}s:19:&quot;sourceadminPassword&quot;;a:4:{s:5:&quot;title&quot;;s:21:&quot;source Admin password&quot;;s:5:&quot;group&quot;;s:11:&quot;source info&quot;;s:5:&quot;flags&quot;;i:9;s:5:&quot;value&quot;;s:5:&quot;dadad&quot;;}s:16:&quot;sourceaccessType&quot;;a:4:{s:5:&quot;title&quot;;s:18:&quot;source Access Type&quot;;s:5:&quot;flags&quot;;i:32;s:5:&quot;value&quot;;s:3:&quot;ftp&quot;;s:5:&quot;group&quot;;N;}s:12:&quot;sourceftpUrl&quot;;a:4:{s:5:&quot;title&quot;;s:19:&quot;source FTP Hostname&quot;;s:5:&quot;group&quot;;s:11:&quot;source info&quot;;s:5:&quot;flags&quot;;i:105;s:5:&quot;value&quot;;N;}s:14:&quot;sourceftpLogin&quot;;a:4:{s:5:&quot;title&quot;;s:16:&quot;source FTP Login&quot;;s:5:&quot;group&quot;;s:11:&quot;source info&quot;;s:5:&quot;flags&quot;;i:105;s:5:&quot;value&quot;;N;}s:17:&quot;sourceftpPassword&quot;;a:4:{s:5:&quot;title&quot;;s:19:&quot;source FTP Password&quot;;s:5:&quot;group&quot;;s:11:&quot;source info&quot;;s:5:&quot;flags&quot;;i:105;s:5:&quot;value&quot;;N;}s:12:&quot;sourceftpDir&quot;;a:4:{s:5:&quot;title&quot;;s:20:&quot;source FTP Directory&quot;;s:5:&quot;group&quot;;s:11:&quot;source info&quot;;s:5:&quot;flags&quot;;i:104;s:5:&quot;value&quot;;N;}s:13:&quot;sourceftpPort&quot;;a:4:{s:5:&quot;title&quot;;s:15:&quot;source FTP Port&quot;;s:5:&quot;group&quot;;s:11:&quot;source info&quot;;s:5:&quot;flags&quot;;i:104;s:5:&quot;value&quot;;N;}s:20:&quot;sourcecpanelUserName&quot;;a:4:{s:5:&quot;title&quot;;s:15:&quot;source Username&quot;;s:5:&quot;group&quot;;s:11:&quot;source info&quot;;s:5:&quot;flags&quot;;i:297;s:5:&quot;value&quot;;N;}s:20:&quot;sourcecpanelPassword&quot;;a:4:{s:5:&quot;title&quot;;s:15:&quot;source Password&quot;;s:5:&quot;group&quot;;s:11:&quot;source info&quot;;s:5:&quot;flags&quot;;i:297;s:5:&quot;value&quot;;N;}s:13:&quot;sourcesshHost&quot;;a:4:{s:5:&quot;title&quot;;s:15:&quot;source SSH Host&quot;;s:5:&quot;group&quot;;s:11:&quot;source info&quot;;s:5:&quot;flags&quot;;i:169;s:5:&quot;value&quot;;N;}s:13:&quot;sourcesshPort&quot;;a:4:{s:5:&quot;title&quot;;s:15:&quot;source SSH Port&quot;;s:5:&quot;group&quot;;s:11:&quot;source info&quot;;s:5:&quot;flags&quot;;i:169;s:5:&quot;value&quot;;N;}s:13:&quot;sourcesshUser&quot;;a:4:{s:5:&quot;title&quot;;s:15:&quot;source SSH User&quot;;s:5:&quot;group&quot;;s:11:&quot;source info&quot;;s:5:&quot;flags&quot;;i:169;s:5:&quot;value&quot;;N;}s:17:&quot;sourcesshAuthType&quot;;a:4:{s:5:&quot;title&quot;;s:16:&quot;source Auth Type&quot;;s:5:&quot;group&quot;;s:11:&quot;source info&quot;;s:5:&quot;flags&quot;;i:169;s:5:&quot;value&quot;;N;}s:17:&quot;sourcesshPassword&quot;;a:4:{s:5:&quot;title&quot;;s:19:&quot;source SSH Password&quot;;s:5:&quot;group&quot;;s:11:&quot;source info&quot;;s:5:&quot;flags&quot;;i:168;s:5:&quot;value&quot;;N;}s:12:&quot;sourcesshKey&quot;;a:4:{s:5:&quot;title&quot;;s:18:&quot;source Private Key&quot;;s:5:&quot;group&quot;;s:11:&quot;source info&quot;;s:5:&quot;flags&quot;;i:168;s:5:&quot;value&quot;;N;}s:19:&quot;sourcesshPassphrase&quot;;a:4:{s:5:&quot;title&quot;;s:17:&quot;source Passphrase&quot;;s:5:&quot;group&quot;;s:11:&quot;source info&quot;;s:5:&quot;flags&quot;;i:168;s:5:&quot;value&quot;;N;}s:12:&quot;targetcartId&quot;;a:5:{s:5:&quot;title&quot;;s:20:&quot;target Shopping Cart&quot;;s:5:&quot;group&quot;;s:11:&quot;target info&quot;;s:5:&quot;flags&quot;;i:1;s:7:&quot;message&quot;;s:20:&quot;Cart type is invalid&quot;;s:5:&quot;value&quot;;s:7:&quot;Shopify&quot;;}s:21:&quot;targetalreadyProvided&quot;;a:4:{s:5:&quot;title&quot;;s:28:&quot;target Data already provided&quot;;s:5:&quot;group&quot;;s:11:&quot;target info&quot;;s:5:&quot;flags&quot;;i:0;s:5:&quot;value&quot;;s:0:&quot;&quot;;}s:9:&quot;targeturl&quot;;a:4:{s:5:&quot;title&quot;;s:16:&quot;target Store URL&quot;;s:5:&quot;group&quot;;s:11:&quot;target info&quot;;s:5:&quot;flags&quot;;i:3;s:5:&quot;value&quot;;s:22:&quot;http://targedasdat.com&quot;;}s:14:&quot;targetadminUrl&quot;;a:4:{s:5:&quot;title&quot;;s:16:&quot;target Admin URL&quot;;s:5:&quot;group&quot;;s:11:&quot;target info&quot;;s:5:&quot;flags&quot;;i:11;s:5:&quot;value&quot;;s:23:&quot;http://target.com/admin&quot;;}s:16:&quot;targetadminLogin&quot;;a:4:{s:5:&quot;title&quot;;s:18:&quot;target Admin login&quot;;s:5:&quot;group&quot;;s:11:&quot;target info&quot;;s:5:&quot;flags&quot;;i:9;s:5:&quot;value&quot;;s:7:&quot;dasdasd&quot;;}s:19:&quot;targetadminPassword&quot;;a:4:{s:5:&quot;title&quot;;s:21:&quot;target Admin password&quot;;s:5:&quot;group&quot;;s:11:&quot;target info&quot;;s:5:&quot;flags&quot;;i:9;s:5:&quot;value&quot;;s:6:&quot;dasdsa&quot;;}s:16:&quot;targetaccessType&quot;;a:4:{s:5:&quot;title&quot;;s:18:&quot;target Access Type&quot;;s:5:&quot;flags&quot;;i:32;s:5:&quot;value&quot;;s:3:&quot;ftp&quot;;s:5:&quot;group&quot;;N;}s:12:&quot;targetftpUrl&quot;;a:4:{s:5:&quot;title&quot;;s:19:&quot;target FTP Hostname&quot;;s:5:&quot;group&quot;;s:11:&quot;target info&quot;;s:5:&quot;flags&quot;;i:105;s:5:&quot;value&quot;;N;}s:14:&quot;targetftpLogin&quot;;a:4:{s:5:&quot;title&quot;;s:16:&quot;target FTP Login&quot;;s:5:&quot;group&quot;;s:11:&quot;target info&quot;;s:5:&quot;flags&quot;;i:105;s:5:&quot;value&quot;;N;}s:17:&quot;targetftpPassword&quot;;a:4:{s:5:&quot;title&quot;;s:19:&quot;target FTP Password&quot;;s:5:&quot;group&quot;;s:11:&quot;target info&quot;;s:5:&quot;flags&quot;;i:105;s:5:&quot;value&quot;;N;}s:12:&quot;targetftpDir&quot;;a:4:{s:5:&quot;title&quot;;s:20:&quot;target FTP Directory&quot;;s:5:&quot;group&quot;;s:11:&quot;target info&quot;;s:5:&quot;flags&quot;;i:104;s:5:&quot;value&quot;;N;}s:13:&quot;targetftpPort&quot;;a:4:{s:5:&quot;title&quot;;s:15:&quot;target FTP Port&quot;;s:5:&quot;group&quot;;s:11:&quot;target info&quot;;s:5:&quot;flags&quot;;i:104;s:5:&quot;value&quot;;N;}s:20:&quot;targetcpanelUserName&quot;;a:4:{s:5:&quot;title&quot;;s:15:&quot;target Username&quot;;s:5:&quot;group&quot;;s:11:&quot;target info&quot;;s:5:&quot;flags&quot;;i:297;s:5:&quot;value&quot;;N;}s:20:&quot;targetcpanelPassword&quot;;a:4:{s:5:&quot;title&quot;;s:15:&quot;target Password&quot;;s:5:&quot;group&quot;;s:11:&quot;target info&quot;;s:5:&quot;flags&quot;;i:297;s:5:&quot;value&quot;;N;}s:13:&quot;targetsshHost&quot;;a:4:{s:5:&quot;title&quot;;s:15:&quot;target SSH Host&quot;;s:5:&quot;group&quot;;s:11:&quot;target info&quot;;s:5:&quot;flags&quot;;i:169;s:5:&quot;value&quot;;N;}s:13:&quot;targetsshPort&quot;;a:4:{s:5:&quot;title&quot;;s:15:&quot;target SSH Port&quot;;s:5:&quot;group&quot;;s:11:&quot;target info&quot;;s:5:&quot;flags&quot;;i:169;s:5:&quot;value&quot;;N;}s:13:&quot;targetsshUser&quot;;a:4:{s:5:&quot;title&quot;;s:15:&quot;target SSH User&quot;;s:5:&quot;group&quot;;s:11:&quot;target info&quot;;s:5:&quot;flags&quot;;i:169;s:5:&quot;value&quot;;N;}s:17:&quot;targetsshAuthType&quot;;a:4:{s:5:&quot;title&quot;;s:16:&quot;target Auth Type&quot;;s:5:&quot;group&quot;;s:11:&quot;target info&quot;;s:5:&quot;flags&quot;;i:169;s:5:&quot;value&quot;;N;}s:17:&quot;targetsshPassword&quot;;a:4:{s:5:&quot;title&quot;;s:19:&quot;target SSH Password&quot;;s:5:&quot;group&quot;;s:11:&quot;target info&quot;;s:5:&quot;flags&quot;;i:168;s:5:&quot;value&quot;;N;}s:12:&quot;targetsshKey&quot;;a:4:{s:5:&quot;title&quot;;s:18:&quot;target Private Key&quot;;s:5:&quot;group&quot;;s:11:&quot;target info&quot;;s:5:&quot;flags&quot;;i:168;s:5:&quot;value&quot;;N;}s:19:&quot;targetsshPassphrase&quot;;a:4:{s:5:&quot;title&quot;;s:17:&quot;target Passphrase&quot;;s:5:&quot;group&quot;;s:11:&quot;target info&quot;;s:5:&quot;flags&quot;;i:168;s:5:&quot;value&quot;;N;}}}',0.02,'2022-03-30 15:47:05','10.0.3.1','N','1970-01-01 00:00:01','regular',0),(4,9,0,0.00,7,8,0,0.00,0.00,'created',NULL,NULL,0,0,'pending','N',0,0.00,'a:0:{}','a:0:{}','0','0','','',0.00,0.00,0,0,0,0,'N','a:1:{s:13:&quot;package_order&quot;;a:56:{s:8:&quot;username&quot;;a:4:{s:5:&quot;title&quot;;s:4:&quot;Name&quot;;s:5:&quot;group&quot;;s:12:&quot;General Info&quot;;s:5:&quot;flags&quot;;i:1;s:5:&quot;value&quot;;s:8:&quot;Tisting &quot;;}s:8:&quot;usermail&quot;;a:4:{s:5:&quot;title&quot;;s:5:&quot;Email&quot;;s:5:&quot;group&quot;;s:12:&quot;General Info&quot;;s:5:&quot;flags&quot;;i:5;s:5:&quot;value&quot;;s:16:&quot;testing@mail.com&quot;;}s:8:&quot;ticketId&quot;;a:4:{s:5:&quot;title&quot;;s:9:&quot;Ticket ID&quot;;s:5:&quot;group&quot;;s:12:&quot;General Info&quot;;s:5:&quot;flags&quot;;i:0;s:5:&quot;value&quot;;s:0:&quot;&quot;;}s:15:&quot;servicePriority&quot;;a:4:{s:5:&quot;title&quot;;s:16:&quot;Service Priority&quot;;s:5:&quot;group&quot;;s:12:&quot;General Info&quot;;s:5:&quot;flags&quot;;i:1;s:5:&quot;value&quot;;s:33:&quot;MIGRATION_OPTION_SUPPORT_SERVICE1&quot;;}s:20:&quot;servicePriorityTitle&quot;;a:4:{s:5:&quot;title&quot;;s:16:&quot;Service Priority&quot;;s:5:&quot;group&quot;;s:12:&quot;General Info&quot;;s:5:&quot;flags&quot;;i:0;s:5:&quot;value&quot;;s:5:&quot;Basic&quot;;}s:5:&quot;price&quot;;a:4:{s:5:&quot;title&quot;;s:5:&quot;Price&quot;;s:5:&quot;group&quot;;s:12:&quot;General Info&quot;;s:5:&quot;flags&quot;;i:1;s:5:&quot;value&quot;;d:199;}s:6:&quot;coupon&quot;;a:4:{s:5:&quot;title&quot;;s:11:&quot;Coupon Code&quot;;s:5:&quot;group&quot;;s:12:&quot;General Info&quot;;s:5:&quot;flags&quot;;i:0;s:5:&quot;value&quot;;N;}s:8:&quot;entities&quot;;a:4:{s:5:&quot;title&quot;;s:8:&quot;Entities&quot;;s:5:&quot;group&quot;;s:12:&quot;General Info&quot;;s:5:&quot;flags&quot;;i:0;s:5:&quot;value&quot;;s:35:&quot;Products, Categories, Manufacturers&quot;;}s:7:&quot;options&quot;;a:4:{s:5:&quot;title&quot;;s:18:&quot;Additional Options&quot;;s:5:&quot;group&quot;;s:12:&quot;General Info&quot;;s:5:&quot;flags&quot;;i:0;s:5:&quot;value&quot;;s:0:&quot;&quot;;}s:8:&quot;comments&quot;;a:4:{s:5:&quot;title&quot;;s:13:&quot;User comments&quot;;s:5:&quot;group&quot;;s:10:&quot;Additional&quot;;s:5:&quot;flags&quot;;i:0;s:5:&quot;value&quot;;s:0:&quot;&quot;;}s:11:&quot;migrationId&quot;;a:4:{s:5:&quot;title&quot;;s:12:&quot;Migration Id&quot;;s:5:&quot;group&quot;;s:10:&quot;Additional&quot;;s:5:&quot;flags&quot;;i:0;s:5:&quot;value&quot;;s:1:&quot;4&quot;;}s:14:&quot;kayakoTicketId&quot;;a:4:{s:5:&quot;title&quot;;s:17:&quot;Zendesk Ticket Id&quot;;s:5:&quot;group&quot;;s:10:&quot;Additional&quot;;s:5:&quot;flags&quot;;i:0;s:5:&quot;value&quot;;N;}s:12:&quot;jiraReporter&quot;;a:4:{s:5:&quot;title&quot;;s:13:&quot;Jira Reporter&quot;;s:5:&quot;group&quot;;s:10:&quot;Additional&quot;;s:5:&quot;flags&quot;;i:0;s:5:&quot;value&quot;;N;}s:7:&quot;orderId&quot;;a:4:{s:5:&quot;title&quot;;s:8:&quot;Order id&quot;;s:5:&quot;group&quot;;s:10:&quot;Additional&quot;;s:5:&quot;flags&quot;;i:0;s:5:&quot;value&quot;;N;}s:12:&quot;sourcecartId&quot;;a:5:{s:5:&quot;title&quot;;s:20:&quot;source Shopping Cart&quot;;s:5:&quot;group&quot;;s:11:&quot;source info&quot;;s:5:&quot;flags&quot;;i:1;s:7:&quot;message&quot;;s:20:&quot;Cart type is invalid&quot;;s:5:&quot;value&quot;;s:9:&quot;File2Cart&quot;;}s:21:&quot;sourcealreadyProvided&quot;;a:4:{s:5:&quot;title&quot;;s:28:&quot;source Data already provided&quot;;s:5:&quot;group&quot;;s:11:&quot;source info&quot;;s:5:&quot;flags&quot;;i:0;s:5:&quot;value&quot;;s:0:&quot;&quot;;}s:9:&quot;sourceurl&quot;;a:4:{s:5:&quot;title&quot;;s:16:&quot;source Store URL&quot;;s:5:&quot;group&quot;;s:11:&quot;source info&quot;;s:5:&quot;flags&quot;;i:3;s:5:&quot;value&quot;;s:18:&quot;http://fdfdsfs.com&quot;;}s:14:&quot;sourceadminUrl&quot;;a:4:{s:5:&quot;title&quot;;s:16:&quot;source Admin URL&quot;;s:5:&quot;group&quot;;s:11:&quot;source info&quot;;s:5:&quot;flags&quot;;i:11;s:5:&quot;value&quot;;s:23:&quot;http://target.com/dasda&quot;;}s:16:&quot;sourceadminLogin&quot;;a:4:{s:5:&quot;title&quot;;s:18:&quot;source Admin login&quot;;s:5:&quot;group&quot;;s:11:&quot;source info&quot;;s:5:&quot;flags&quot;;i:9;s:5:&quot;value&quot;;s:6:&quot;dsadsa&quot;;}s:19:&quot;sourceadminPassword&quot;;a:4:{s:5:&quot;title&quot;;s:21:&quot;source Admin password&quot;;s:5:&quot;group&quot;;s:11:&quot;source info&quot;;s:5:&quot;flags&quot;;i:9;s:5:&quot;value&quot;;s:5:&quot;dasda&quot;;}s:16:&quot;sourceaccessType&quot;;a:4:{s:5:&quot;title&quot;;s:18:&quot;source Access Type&quot;;s:5:&quot;flags&quot;;i:32;s:5:&quot;value&quot;;s:3:&quot;ftp&quot;;s:5:&quot;group&quot;;N;}s:12:&quot;sourceftpUrl&quot;;a:4:{s:5:&quot;title&quot;;s:19:&quot;source FTP Hostname&quot;;s:5:&quot;group&quot;;s:11:&quot;source info&quot;;s:5:&quot;flags&quot;;i:105;s:5:&quot;value&quot;;N;}s:14:&quot;sourceftpLogin&quot;;a:4:{s:5:&quot;title&quot;;s:16:&quot;source FTP Login&quot;;s:5:&quot;group&quot;;s:11:&quot;source info&quot;;s:5:&quot;flags&quot;;i:105;s:5:&quot;value&quot;;N;}s:17:&quot;sourceftpPassword&quot;;a:4:{s:5:&quot;title&quot;;s:19:&quot;source FTP Password&quot;;s:5:&quot;group&quot;;s:11:&quot;source info&quot;;s:5:&quot;flags&quot;;i:105;s:5:&quot;value&quot;;N;}s:12:&quot;sourceftpDir&quot;;a:4:{s:5:&quot;title&quot;;s:20:&quot;source FTP Directory&quot;;s:5:&quot;group&quot;;s:11:&quot;source info&quot;;s:5:&quot;flags&quot;;i:104;s:5:&quot;value&quot;;N;}s:13:&quot;sourceftpPort&quot;;a:4:{s:5:&quot;title&quot;;s:15:&quot;source FTP Port&quot;;s:5:&quot;group&quot;;s:11:&quot;source info&quot;;s:5:&quot;flags&quot;;i:104;s:5:&quot;value&quot;;N;}s:20:&quot;sourcecpanelUserName&quot;;a:4:{s:5:&quot;title&quot;;s:15:&quot;source Username&quot;;s:5:&quot;group&quot;;s:11:&quot;source info&quot;;s:5:&quot;flags&quot;;i:297;s:5:&quot;value&quot;;N;}s:20:&quot;sourcecpanelPassword&quot;;a:4:{s:5:&quot;title&quot;;s:15:&quot;source Password&quot;;s:5:&quot;group&quot;;s:11:&quot;source info&quot;;s:5:&quot;flags&quot;;i:297;s:5:&quot;value&quot;;N;}s:13:&quot;sourcesshHost&quot;;a:4:{s:5:&quot;title&quot;;s:15:&quot;source SSH Host&quot;;s:5:&quot;group&quot;;s:11:&quot;source info&quot;;s:5:&quot;flags&quot;;i:169;s:5:&quot;value&quot;;N;}s:13:&quot;sourcesshPort&quot;;a:4:{s:5:&quot;title&quot;;s:15:&quot;source SSH Port&quot;;s:5:&quot;group&quot;;s:11:&quot;source info&quot;;s:5:&quot;flags&quot;;i:169;s:5:&quot;value&quot;;N;}s:13:&quot;sourcesshUser&quot;;a:4:{s:5:&quot;title&quot;;s:15:&quot;source SSH User&quot;;s:5:&quot;group&quot;;s:11:&quot;source info&quot;;s:5:&quot;flags&quot;;i:169;s:5:&quot;value&quot;;N;}s:17:&quot;sourcesshAuthType&quot;;a:4:{s:5:&quot;title&quot;;s:16:&quot;source Auth Type&quot;;s:5:&quot;group&quot;;s:11:&quot;source info&quot;;s:5:&quot;flags&quot;;i:169;s:5:&quot;value&quot;;N;}s:17:&quot;sourcesshPassword&quot;;a:4:{s:5:&quot;title&quot;;s:19:&quot;source SSH Password&quot;;s:5:&quot;group&quot;;s:11:&quot;source info&quot;;s:5:&quot;flags&quot;;i:168;s:5:&quot;value&quot;;N;}s:12:&quot;sourcesshKey&quot;;a:4:{s:5:&quot;title&quot;;s:18:&quot;source Private Key&quot;;s:5:&quot;group&quot;;s:11:&quot;source info&quot;;s:5:&quot;flags&quot;;i:168;s:5:&quot;value&quot;;N;}s:19:&quot;sourcesshPassphrase&quot;;a:4:{s:5:&quot;title&quot;;s:17:&quot;source Passphrase&quot;;s:5:&quot;group&quot;;s:11:&quot;source info&quot;;s:5:&quot;flags&quot;;i:168;s:5:&quot;value&quot;;N;}s:12:&quot;targetcartId&quot;;a:5:{s:5:&quot;title&quot;;s:20:&quot;target Shopping Cart&quot;;s:5:&quot;group&quot;;s:11:&quot;target info&quot;;s:5:&quot;flags&quot;;i:1;s:7:&quot;message&quot;;s:20:&quot;Cart type is invalid&quot;;s:5:&quot;value&quot;;s:7:&quot;Shopify&quot;;}s:21:&quot;targetalreadyProvided&quot;;a:4:{s:5:&quot;title&quot;;s:28:&quot;target Data already provided&quot;;s:5:&quot;group&quot;;s:11:&quot;target info&quot;;s:5:&quot;flags&quot;;i:0;s:5:&quot;value&quot;;s:0:&quot;&quot;;}s:9:&quot;targeturl&quot;;a:4:{s:5:&quot;title&quot;;s:16:&quot;target Store URL&quot;;s:5:&quot;group&quot;;s:11:&quot;target info&quot;;s:5:&quot;flags&quot;;i:3;s:5:&quot;value&quot;;s:22:&quot;http://targdasdaet.com&quot;;}s:14:&quot;targetadminUrl&quot;;a:4:{s:5:&quot;title&quot;;s:16:&quot;target Admin URL&quot;;s:5:&quot;group&quot;;s:11:&quot;target info&quot;;s:5:&quot;flags&quot;;i:11;s:5:&quot;value&quot;;s:23:&quot;http://target.com/admin&quot;;}s:16:&quot;targetadminLogin&quot;;a:4:{s:5:&quot;title&quot;;s:18:&quot;target Admin login&quot;;s:5:&quot;group&quot;;s:11:&quot;target info&quot;;s:5:&quot;flags&quot;;i:9;s:5:&quot;value&quot;;s:10:&quot;cascascasc&quot;;}s:19:&quot;targetadminPassword&quot;;a:4:{s:5:&quot;title&quot;;s:21:&quot;target Admin password&quot;;s:5:&quot;group&quot;;s:11:&quot;target info&quot;;s:5:&quot;flags&quot;;i:9;s:5:&quot;value&quot;;s:7:&quot;ascasca&quot;;}s:16:&quot;targetaccessType&quot;;a:4:{s:5:&quot;title&quot;;s:18:&quot;target Access Type&quot;;s:5:&quot;flags&quot;;i:32;s:5:&quot;value&quot;;s:3:&quot;ftp&quot;;s:5:&quot;group&quot;;N;}s:12:&quot;targetftpUrl&quot;;a:4:{s:5:&quot;title&quot;;s:19:&quot;target FTP Hostname&quot;;s:5:&quot;group&quot;;s:11:&quot;target info&quot;;s:5:&quot;flags&quot;;i:105;s:5:&quot;value&quot;;N;}s:14:&quot;targetftpLogin&quot;;a:4:{s:5:&quot;title&quot;;s:16:&quot;target FTP Login&quot;;s:5:&quot;group&quot;;s:11:&quot;target info&quot;;s:5:&quot;flags&quot;;i:105;s:5:&quot;value&quot;;N;}s:17:&quot;targetftpPassword&quot;;a:4:{s:5:&quot;title&quot;;s:19:&quot;target FTP Password&quot;;s:5:&quot;group&quot;;s:11:&quot;target info&quot;;s:5:&quot;flags&quot;;i:105;s:5:&quot;value&quot;;N;}s:12:&quot;targetftpDir&quot;;a:4:{s:5:&quot;title&quot;;s:20:&quot;target FTP Directory&quot;;s:5:&quot;group&quot;;s:11:&quot;target info&quot;;s:5:&quot;flags&quot;;i:104;s:5:&quot;value&quot;;N;}s:13:&quot;targetftpPort&quot;;a:4:{s:5:&quot;title&quot;;s:15:&quot;target FTP Port&quot;;s:5:&quot;group&quot;;s:11:&quot;target info&quot;;s:5:&quot;flags&quot;;i:104;s:5:&quot;value&quot;;N;}s:20:&quot;targetcpanelUserName&quot;;a:4:{s:5:&quot;title&quot;;s:15:&quot;target Username&quot;;s:5:&quot;group&quot;;s:11:&quot;target info&quot;;s:5:&quot;flags&quot;;i:297;s:5:&quot;value&quot;;N;}s:20:&quot;targetcpanelPassword&quot;;a:4:{s:5:&quot;title&quot;;s:15:&quot;target Password&quot;;s:5:&quot;group&quot;;s:11:&quot;target info&quot;;s:5:&quot;flags&quot;;i:297;s:5:&quot;value&quot;;N;}s:13:&quot;targetsshHost&quot;;a:4:{s:5:&quot;title&quot;;s:15:&quot;target SSH Host&quot;;s:5:&quot;group&quot;;s:11:&quot;target info&quot;;s:5:&quot;flags&quot;;i:169;s:5:&quot;value&quot;;N;}s:13:&quot;targetsshPort&quot;;a:4:{s:5:&quot;title&quot;;s:15:&quot;target SSH Port&quot;;s:5:&quot;group&quot;;s:11:&quot;target info&quot;;s:5:&quot;flags&quot;;i:169;s:5:&quot;value&quot;;N;}s:13:&quot;targetsshUser&quot;;a:4:{s:5:&quot;title&quot;;s:15:&quot;target SSH User&quot;;s:5:&quot;group&quot;;s:11:&quot;target info&quot;;s:5:&quot;flags&quot;;i:169;s:5:&quot;value&quot;;N;}s:17:&quot;targetsshAuthType&quot;;a:4:{s:5:&quot;title&quot;;s:16:&quot;target Auth Type&quot;;s:5:&quot;group&quot;;s:11:&quot;target info&quot;;s:5:&quot;flags&quot;;i:169;s:5:&quot;value&quot;;N;}s:17:&quot;targetsshPassword&quot;;a:4:{s:5:&quot;title&quot;;s:19:&quot;target SSH Password&quot;;s:5:&quot;group&quot;;s:11:&quot;target info&quot;;s:5:&quot;flags&quot;;i:168;s:5:&quot;value&quot;;N;}s:12:&quot;targetsshKey&quot;;a:4:{s:5:&quot;title&quot;;s:18:&quot;target Private Key&quot;;s:5:&quot;group&quot;;s:11:&quot;target info&quot;;s:5:&quot;flags&quot;;i:168;s:5:&quot;value&quot;;N;}s:19:&quot;targetsshPassphrase&quot;;a:4:{s:5:&quot;title&quot;;s:17:&quot;target Passphrase&quot;;s:5:&quot;group&quot;;s:11:&quot;target info&quot;;s:5:&quot;flags&quot;;i:168;s:5:&quot;value&quot;;N;}}}',0.02,'2022-03-30 15:59:12','10.0.3.1','N','1970-01-01 00:00:01','regular',0),(5,9,0,0.00,9,10,0,0.00,0.00,'created','0000-00-00 00:00:00','0000-00-00 00:00:00',0,0,'pending','N',0,0.00,'a:0:{}','a:0:{}','0','0','','',0.00,0.00,0,0,0,0,'N','',0.02,'2022-03-30 17:12:16','10.0.3.1','N','1970-01-01 00:00:01','regular',0),(6,9,0,0.00,11,12,0,0.00,0.00,'created','0000-00-00 00:00:00','0000-00-00 00:00:00',0,0,'pending','N',0,0.00,'a:0:{}','a:0:{}','0','0','','',0.00,0.00,0,0,0,0,'N','',0.02,'2022-03-30 17:39:20','10.0.3.1','N','1970-01-01 00:00:01','regular',0),(7,9,0,0.00,13,14,0,0.00,0.00,'created',NULL,NULL,0,0,'pending','N',0,0.00,'a:0:{}','a:0:{}','0','0','','',0.00,0.00,0,0,0,0,'N','',0.02,'2022-03-30 18:04:53','10.0.3.1','N','1970-01-01 00:00:01','regular',0),(8,9,0,0.00,15,16,0,0.00,0.00,'created',NULL,NULL,0,0,'pending','N',0,0.00,'a:0:{}','a:0:{}','0','0','','',0.00,0.00,0,0,0,0,'N','a:1:{s:13:&quot;package_order&quot;;a:56:{s:8:&quot;username&quot;;a:4:{s:5:&quot;title&quot;;s:4:&quot;Name&quot;;s:5:&quot;group&quot;;s:12:&quot;General Info&quot;;s:5:&quot;flags&quot;;i:1;s:5:&quot;value&quot;;s:8:&quot;Tisting &quot;;}s:8:&quot;usermail&quot;;a:4:{s:5:&quot;title&quot;;s:5:&quot;Email&quot;;s:5:&quot;group&quot;;s:12:&quot;General Info&quot;;s:5:&quot;flags&quot;;i:5;s:5:&quot;value&quot;;s:16:&quot;testing@mail.com&quot;;}s:8:&quot;ticketId&quot;;a:4:{s:5:&quot;title&quot;;s:9:&quot;Ticket ID&quot;;s:5:&quot;group&quot;;s:12:&quot;General Info&quot;;s:5:&quot;flags&quot;;i:0;s:5:&quot;value&quot;;s:0:&quot;&quot;;}s:15:&quot;servicePriority&quot;;a:4:{s:5:&quot;title&quot;;s:16:&quot;Service Priority&quot;;s:5:&quot;group&quot;;s:12:&quot;General Info&quot;;s:5:&quot;flags&quot;;i:1;s:5:&quot;value&quot;;s:33:&quot;MIGRATION_OPTION_SUPPORT_SERVICE1&quot;;}s:20:&quot;servicePriorityTitle&quot;;a:4:{s:5:&quot;title&quot;;s:16:&quot;Service Priority&quot;;s:5:&quot;group&quot;;s:12:&quot;General Info&quot;;s:5:&quot;flags&quot;;i:0;s:5:&quot;value&quot;;s:5:&quot;Basic&quot;;}s:5:&quot;price&quot;;a:4:{s:5:&quot;title&quot;;s:5:&quot;Price&quot;;s:5:&quot;group&quot;;s:12:&quot;General Info&quot;;s:5:&quot;flags&quot;;i:1;s:5:&quot;value&quot;;d:199;}s:6:&quot;coupon&quot;;a:4:{s:5:&quot;title&quot;;s:11:&quot;Coupon Code&quot;;s:5:&quot;group&quot;;s:12:&quot;General Info&quot;;s:5:&quot;flags&quot;;i:0;s:5:&quot;value&quot;;N;}s:8:&quot;entities&quot;;a:4:{s:5:&quot;title&quot;;s:8:&quot;Entities&quot;;s:5:&quot;group&quot;;s:12:&quot;General Info&quot;;s:5:&quot;flags&quot;;i:0;s:5:&quot;value&quot;;s:35:&quot;Products, Categories, Manufacturers&quot;;}s:7:&quot;options&quot;;a:4:{s:5:&quot;title&quot;;s:18:&quot;Additional Options&quot;;s:5:&quot;group&quot;;s:12:&quot;General Info&quot;;s:5:&quot;flags&quot;;i:0;s:5:&quot;value&quot;;s:0:&quot;&quot;;}s:8:&quot;comments&quot;;a:4:{s:5:&quot;title&quot;;s:13:&quot;User comments&quot;;s:5:&quot;group&quot;;s:10:&quot;Additional&quot;;s:5:&quot;flags&quot;;i:0;s:5:&quot;value&quot;;s:0:&quot;&quot;;}s:11:&quot;migrationId&quot;;a:4:{s:5:&quot;title&quot;;s:12:&quot;Migration Id&quot;;s:5:&quot;group&quot;;s:10:&quot;Additional&quot;;s:5:&quot;flags&quot;;i:0;s:5:&quot;value&quot;;s:1:&quot;8&quot;;}s:14:&quot;kayakoTicketId&quot;;a:4:{s:5:&quot;title&quot;;s:17:&quot;Zendesk Ticket Id&quot;;s:5:&quot;group&quot;;s:10:&quot;Additional&quot;;s:5:&quot;flags&quot;;i:0;s:5:&quot;value&quot;;N;}s:12:&quot;jiraReporter&quot;;a:4:{s:5:&quot;title&quot;;s:13:&quot;Jira Reporter&quot;;s:5:&quot;group&quot;;s:10:&quot;Additional&quot;;s:5:&quot;flags&quot;;i:0;s:5:&quot;value&quot;;N;}s:7:&quot;orderId&quot;;a:4:{s:5:&quot;title&quot;;s:8:&quot;Order id&quot;;s:5:&quot;group&quot;;s:10:&quot;Additional&quot;;s:5:&quot;flags&quot;;i:0;s:5:&quot;value&quot;;N;}s:12:&quot;sourcecartId&quot;;a:5:{s:5:&quot;title&quot;;s:20:&quot;source Shopping Cart&quot;;s:5:&quot;group&quot;;s:11:&quot;source info&quot;;s:5:&quot;flags&quot;;i:1;s:7:&quot;message&quot;;s:20:&quot;Cart type is invalid&quot;;s:5:&quot;value&quot;;s:9:&quot;File2Cart&quot;;}s:21:&quot;sourcealreadyProvided&quot;;a:4:{s:5:&quot;title&quot;;s:28:&quot;source Data already provided&quot;;s:5:&quot;group&quot;;s:11:&quot;source info&quot;;s:5:&quot;flags&quot;;i:0;s:5:&quot;value&quot;;s:0:&quot;&quot;;}s:9:&quot;sourceurl&quot;;a:4:{s:5:&quot;title&quot;;s:16:&quot;source Store URL&quot;;s:5:&quot;group&quot;;s:11:&quot;source info&quot;;s:5:&quot;flags&quot;;i:3;s:5:&quot;value&quot;;s:18:&quot;http://fdfdsfs.com&quot;;}s:14:&quot;sourceadminUrl&quot;;a:4:{s:5:&quot;title&quot;;s:16:&quot;source Admin URL&quot;;s:5:&quot;group&quot;;s:11:&quot;source info&quot;;s:5:&quot;flags&quot;;i:11;s:5:&quot;value&quot;;s:23:&quot;http://target.com/dasda&quot;;}s:16:&quot;sourceadminLogin&quot;;a:4:{s:5:&quot;title&quot;;s:18:&quot;source Admin login&quot;;s:5:&quot;group&quot;;s:11:&quot;source info&quot;;s:5:&quot;flags&quot;;i:9;s:5:&quot;value&quot;;s:4:&quot;dsad&quot;;}s:19:&quot;sourceadminPassword&quot;;a:4:{s:5:&quot;title&quot;;s:21:&quot;source Admin password&quot;;s:5:&quot;group&quot;;s:11:&quot;source info&quot;;s:5:&quot;flags&quot;;i:9;s:5:&quot;value&quot;;s:3:&quot;dsa&quot;;}s:16:&quot;sourceaccessType&quot;;a:4:{s:5:&quot;title&quot;;s:18:&quot;source Access Type&quot;;s:5:&quot;flags&quot;;i:32;s:5:&quot;value&quot;;s:3:&quot;ftp&quot;;s:5:&quot;group&quot;;N;}s:12:&quot;sourceftpUrl&quot;;a:4:{s:5:&quot;title&quot;;s:19:&quot;source FTP Hostname&quot;;s:5:&quot;group&quot;;s:11:&quot;source info&quot;;s:5:&quot;flags&quot;;i:105;s:5:&quot;value&quot;;N;}s:14:&quot;sourceftpLogin&quot;;a:4:{s:5:&quot;title&quot;;s:16:&quot;source FTP Login&quot;;s:5:&quot;group&quot;;s:11:&quot;source info&quot;;s:5:&quot;flags&quot;;i:105;s:5:&quot;value&quot;;N;}s:17:&quot;sourceftpPassword&quot;;a:4:{s:5:&quot;title&quot;;s:19:&quot;source FTP Password&quot;;s:5:&quot;group&quot;;s:11:&quot;source info&quot;;s:5:&quot;flags&quot;;i:105;s:5:&quot;value&quot;;N;}s:12:&quot;sourceftpDir&quot;;a:4:{s:5:&quot;title&quot;;s:20:&quot;source FTP Directory&quot;;s:5:&quot;group&quot;;s:11:&quot;source info&quot;;s:5:&quot;flags&quot;;i:104;s:5:&quot;value&quot;;N;}s:13:&quot;sourceftpPort&quot;;a:4:{s:5:&quot;title&quot;;s:15:&quot;source FTP Port&quot;;s:5:&quot;group&quot;;s:11:&quot;source info&quot;;s:5:&quot;flags&quot;;i:104;s:5:&quot;value&quot;;N;}s:20:&quot;sourcecpanelUserName&quot;;a:4:{s:5:&quot;title&quot;;s:15:&quot;source Username&quot;;s:5:&quot;group&quot;;s:11:&quot;source info&quot;;s:5:&quot;flags&quot;;i:297;s:5:&quot;value&quot;;N;}s:20:&quot;sourcecpanelPassword&quot;;a:4:{s:5:&quot;title&quot;;s:15:&quot;source Password&quot;;s:5:&quot;group&quot;;s:11:&quot;source info&quot;;s:5:&quot;flags&quot;;i:297;s:5:&quot;value&quot;;N;}s:13:&quot;sourcesshHost&quot;;a:4:{s:5:&quot;title&quot;;s:15:&quot;source SSH Host&quot;;s:5:&quot;group&quot;;s:11:&quot;source info&quot;;s:5:&quot;flags&quot;;i:169;s:5:&quot;value&quot;;N;}s:13:&quot;sourcesshPort&quot;;a:4:{s:5:&quot;title&quot;;s:15:&quot;source SSH Port&quot;;s:5:&quot;group&quot;;s:11:&quot;source info&quot;;s:5:&quot;flags&quot;;i:169;s:5:&quot;value&quot;;N;}s:13:&quot;sourcesshUser&quot;;a:4:{s:5:&quot;title&quot;;s:15:&quot;source SSH User&quot;;s:5:&quot;group&quot;;s:11:&quot;source info&quot;;s:5:&quot;flags&quot;;i:169;s:5:&quot;value&quot;;N;}s:17:&quot;sourcesshAuthType&quot;;a:4:{s:5:&quot;title&quot;;s:16:&quot;source Auth Type&quot;;s:5:&quot;group&quot;;s:11:&quot;source info&quot;;s:5:&quot;flags&quot;;i:169;s:5:&quot;value&quot;;N;}s:17:&quot;sourcesshPassword&quot;;a:4:{s:5:&quot;title&quot;;s:19:&quot;source SSH Password&quot;;s:5:&quot;group&quot;;s:11:&quot;source info&quot;;s:5:&quot;flags&quot;;i:168;s:5:&quot;value&quot;;N;}s:12:&quot;sourcesshKey&quot;;a:4:{s:5:&quot;title&quot;;s:18:&quot;source Private Key&quot;;s:5:&quot;group&quot;;s:11:&quot;source info&quot;;s:5:&quot;flags&quot;;i:168;s:5:&quot;value&quot;;N;}s:19:&quot;sourcesshPassphrase&quot;;a:4:{s:5:&quot;title&quot;;s:17:&quot;source Passphrase&quot;;s:5:&quot;group&quot;;s:11:&quot;source info&quot;;s:5:&quot;flags&quot;;i:168;s:5:&quot;value&quot;;N;}s:12:&quot;targetcartId&quot;;a:5:{s:5:&quot;title&quot;;s:20:&quot;target Shopping Cart&quot;;s:5:&quot;group&quot;;s:11:&quot;target info&quot;;s:5:&quot;flags&quot;;i:1;s:7:&quot;message&quot;;s:20:&quot;Cart type is invalid&quot;;s:5:&quot;value&quot;;s:7:&quot;Shopify&quot;;}s:21:&quot;targetalreadyProvided&quot;;a:4:{s:5:&quot;title&quot;;s:28:&quot;target Data already provided&quot;;s:5:&quot;group&quot;;s:11:&quot;target info&quot;;s:5:&quot;flags&quot;;i:0;s:5:&quot;value&quot;;s:0:&quot;&quot;;}s:9:&quot;targeturl&quot;;a:4:{s:5:&quot;title&quot;;s:16:&quot;target Store URL&quot;;s:5:&quot;group&quot;;s:11:&quot;target info&quot;;s:5:&quot;flags&quot;;i:3;s:5:&quot;value&quot;;s:22:&quot;http://targedasdat.com&quot;;}s:14:&quot;targetadminUrl&quot;;a:4:{s:5:&quot;title&quot;;s:16:&quot;target Admin URL&quot;;s:5:&quot;group&quot;;s:11:&quot;target info&quot;;s:5:&quot;flags&quot;;i:11;s:5:&quot;value&quot;;s:23:&quot;http://target.com/admin&quot;;}s:16:&quot;targetadminLogin&quot;;a:4:{s:5:&quot;title&quot;;s:18:&quot;target Admin login&quot;;s:5:&quot;group&quot;;s:11:&quot;target info&quot;;s:5:&quot;flags&quot;;i:9;s:5:&quot;value&quot;;s:10:&quot;adasdsasda&quot;;}s:19:&quot;targetadminPassword&quot;;a:4:{s:5:&quot;title&quot;;s:21:&quot;target Admin password&quot;;s:5:&quot;group&quot;;s:11:&quot;target info&quot;;s:5:&quot;flags&quot;;i:9;s:5:&quot;value&quot;;s:5:&quot;dsada&quot;;}s:16:&quot;targetaccessType&quot;;a:4:{s:5:&quot;title&quot;;s:18:&quot;target Access Type&quot;;s:5:&quot;flags&quot;;i:32;s:5:&quot;value&quot;;s:3:&quot;ftp&quot;;s:5:&quot;group&quot;;N;}s:12:&quot;targetftpUrl&quot;;a:4:{s:5:&quot;title&quot;;s:19:&quot;target FTP Hostname&quot;;s:5:&quot;group&quot;;s:11:&quot;target info&quot;;s:5:&quot;flags&quot;;i:105;s:5:&quot;value&quot;;N;}s:14:&quot;targetftpLogin&quot;;a:4:{s:5:&quot;title&quot;;s:16:&quot;target FTP Login&quot;;s:5:&quot;group&quot;;s:11:&quot;target info&quot;;s:5:&quot;flags&quot;;i:105;s:5:&quot;value&quot;;N;}s:17:&quot;targetftpPassword&quot;;a:4:{s:5:&quot;title&quot;;s:19:&quot;target FTP Password&quot;;s:5:&quot;group&quot;;s:11:&quot;target info&quot;;s:5:&quot;flags&quot;;i:105;s:5:&quot;value&quot;;N;}s:12:&quot;targetftpDir&quot;;a:4:{s:5:&quot;title&quot;;s:20:&quot;target FTP Directory&quot;;s:5:&quot;group&quot;;s:11:&quot;target info&quot;;s:5:&quot;flags&quot;;i:104;s:5:&quot;value&quot;;N;}s:13:&quot;targetftpPort&quot;;a:4:{s:5:&quot;title&quot;;s:15:&quot;target FTP Port&quot;;s:5:&quot;group&quot;;s:11:&quot;target info&quot;;s:5:&quot;flags&quot;;i:104;s:5:&quot;value&quot;;N;}s:20:&quot;targetcpanelUserName&quot;;a:4:{s:5:&quot;title&quot;;s:15:&quot;target Username&quot;;s:5:&quot;group&quot;;s:11:&quot;target info&quot;;s:5:&quot;flags&quot;;i:297;s:5:&quot;value&quot;;N;}s:20:&quot;targetcpanelPassword&quot;;a:4:{s:5:&quot;title&quot;;s:15:&quot;target Password&quot;;s:5:&quot;group&quot;;s:11:&quot;target info&quot;;s:5:&quot;flags&quot;;i:297;s:5:&quot;value&quot;;N;}s:13:&quot;targetsshHost&quot;;a:4:{s:5:&quot;title&quot;;s:15:&quot;target SSH Host&quot;;s:5:&quot;group&quot;;s:11:&quot;target info&quot;;s:5:&quot;flags&quot;;i:169;s:5:&quot;value&quot;;N;}s:13:&quot;targetsshPort&quot;;a:4:{s:5:&quot;title&quot;;s:15:&quot;target SSH Port&quot;;s:5:&quot;group&quot;;s:11:&quot;target info&quot;;s:5:&quot;flags&quot;;i:169;s:5:&quot;value&quot;;N;}s:13:&quot;targetsshUser&quot;;a:4:{s:5:&quot;title&quot;;s:15:&quot;target SSH User&quot;;s:5:&quot;group&quot;;s:11:&quot;target info&quot;;s:5:&quot;flags&quot;;i:169;s:5:&quot;value&quot;;N;}s:17:&quot;targetsshAuthType&quot;;a:4:{s:5:&quot;title&quot;;s:16:&quot;target Auth Type&quot;;s:5:&quot;group&quot;;s:11:&quot;target info&quot;;s:5:&quot;flags&quot;;i:169;s:5:&quot;value&quot;;N;}s:17:&quot;targetsshPassword&quot;;a:4:{s:5:&quot;title&quot;;s:19:&quot;target SSH Password&quot;;s:5:&quot;group&quot;;s:11:&quot;target info&quot;;s:5:&quot;flags&quot;;i:168;s:5:&quot;value&quot;;N;}s:12:&quot;targetsshKey&quot;;a:4:{s:5:&quot;title&quot;;s:18:&quot;target Private Key&quot;;s:5:&quot;group&quot;;s:11:&quot;target info&quot;;s:5:&quot;flags&quot;;i:168;s:5:&quot;value&quot;;N;}s:19:&quot;targetsshPassphrase&quot;;a:4:{s:5:&quot;title&quot;;s:17:&quot;target Passphrase&quot;;s:5:&quot;group&quot;;s:11:&quot;target info&quot;;s:5:&quot;flags&quot;;i:168;s:5:&quot;value&quot;;N;}}}',0.02,'2022-03-30 18:18:19','10.0.3.1','N','1970-01-01 00:00:01','regular',0),(9,9,0,0.00,17,18,0,0.00,0.00,'created',NULL,NULL,0,0,'pending','N',0,0.00,'a:0:{}','a:0:{}','0','0','','',0.00,0.00,0,0,0,0,'N','',0.02,'2022-03-30 18:21:31','10.0.3.1','N','1970-01-01 00:00:01','regular',0),(10,9,0,0.00,19,20,0,0.00,0.00,'created','0000-00-00 00:00:00','0000-00-00 00:00:00',0,0,'pending','N',0,0.00,'a:0:{}','a:0:{}','0','0','','',0.00,0.00,0,0,0,0,'N','a:1:{s:13:&quot;package_order&quot;;a:56:{s:8:&quot;username&quot;;a:4:{s:5:&quot;title&quot;;s:4:&quot;Name&quot;;s:5:&quot;group&quot;;s:12:&quot;General Info&quot;;s:5:&quot;flags&quot;;i:1;s:5:&quot;value&quot;;s:8:&quot;Tisting &quot;;}s:8:&quot;usermail&quot;;a:4:{s:5:&quot;title&quot;;s:5:&quot;Email&quot;;s:5:&quot;group&quot;;s:12:&quot;General Info&quot;;s:5:&quot;flags&quot;;i:5;s:5:&quot;value&quot;;s:16:&quot;testing@mail.com&quot;;}s:8:&quot;ticketId&quot;;a:4:{s:5:&quot;title&quot;;s:9:&quot;Ticket ID&quot;;s:5:&quot;group&quot;;s:12:&quot;General Info&quot;;s:5:&quot;flags&quot;;i:0;s:5:&quot;value&quot;;s:0:&quot;&quot;;}s:15:&quot;servicePriority&quot;;a:4:{s:5:&quot;title&quot;;s:16:&quot;Service Priority&quot;;s:5:&quot;group&quot;;s:12:&quot;General Info&quot;;s:5:&quot;flags&quot;;i:1;s:5:&quot;value&quot;;s:33:&quot;MIGRATION_OPTION_SUPPORT_SERVICE1&quot;;}s:20:&quot;servicePriorityTitle&quot;;a:4:{s:5:&quot;title&quot;;s:16:&quot;Service Priority&quot;;s:5:&quot;group&quot;;s:12:&quot;General Info&quot;;s:5:&quot;flags&quot;;i:0;s:5:&quot;value&quot;;s:5:&quot;Basic&quot;;}s:5:&quot;price&quot;;a:4:{s:5:&quot;title&quot;;s:5:&quot;Price&quot;;s:5:&quot;group&quot;;s:12:&quot;General Info&quot;;s:5:&quot;flags&quot;;i:1;s:5:&quot;value&quot;;d:199;}s:6:&quot;coupon&quot;;a:4:{s:5:&quot;title&quot;;s:11:&quot;Coupon Code&quot;;s:5:&quot;group&quot;;s:12:&quot;General Info&quot;;s:5:&quot;flags&quot;;i:0;s:5:&quot;value&quot;;N;}s:8:&quot;entities&quot;;a:4:{s:5:&quot;title&quot;;s:8:&quot;Entities&quot;;s:5:&quot;group&quot;;s:12:&quot;General Info&quot;;s:5:&quot;flags&quot;;i:0;s:5:&quot;value&quot;;s:35:&quot;Products, Categories, Manufacturers&quot;;}s:7:&quot;options&quot;;a:4:{s:5:&quot;title&quot;;s:18:&quot;Additional Options&quot;;s:5:&quot;group&quot;;s:12:&quot;General Info&quot;;s:5:&quot;flags&quot;;i:0;s:5:&quot;value&quot;;s:0:&quot;&quot;;}s:8:&quot;comments&quot;;a:4:{s:5:&quot;title&quot;;s:13:&quot;User comments&quot;;s:5:&quot;group&quot;;s:10:&quot;Additional&quot;;s:5:&quot;flags&quot;;i:0;s:5:&quot;value&quot;;s:0:&quot;&quot;;}s:11:&quot;migrationId&quot;;a:4:{s:5:&quot;title&quot;;s:12:&quot;Migration Id&quot;;s:5:&quot;group&quot;;s:10:&quot;Additional&quot;;s:5:&quot;flags&quot;;i:0;s:5:&quot;value&quot;;s:2:&quot;10&quot;;}s:14:&quot;kayakoTicketId&quot;;a:4:{s:5:&quot;title&quot;;s:17:&quot;Zendesk Ticket Id&quot;;s:5:&quot;group&quot;;s:10:&quot;Additional&quot;;s:5:&quot;flags&quot;;i:0;s:5:&quot;value&quot;;N;}s:12:&quot;jiraReporter&quot;;a:4:{s:5:&quot;title&quot;;s:13:&quot;Jira Reporter&quot;;s:5:&quot;group&quot;;s:10:&quot;Additional&quot;;s:5:&quot;flags&quot;;i:0;s:5:&quot;value&quot;;N;}s:7:&quot;orderId&quot;;a:4:{s:5:&quot;title&quot;;s:8:&quot;Order id&quot;;s:5:&quot;group&quot;;s:10:&quot;Additional&quot;;s:5:&quot;flags&quot;;i:0;s:5:&quot;value&quot;;s:2:&quot;14&quot;;}s:12:&quot;sourcecartId&quot;;a:5:{s:5:&quot;title&quot;;s:20:&quot;source Shopping Cart&quot;;s:5:&quot;group&quot;;s:11:&quot;source info&quot;;s:5:&quot;flags&quot;;i:1;s:7:&quot;message&quot;;s:20:&quot;Cart type is invalid&quot;;s:5:&quot;value&quot;;s:9:&quot;File2Cart&quot;;}s:21:&quot;sourcealreadyProvided&quot;;a:4:{s:5:&quot;title&quot;;s:28:&quot;source Data already provided&quot;;s:5:&quot;group&quot;;s:11:&quot;source info&quot;;s:5:&quot;flags&quot;;i:0;s:5:&quot;value&quot;;s:0:&quot;&quot;;}s:9:&quot;sourceurl&quot;;a:4:{s:5:&quot;title&quot;;s:16:&quot;source Store URL&quot;;s:5:&quot;group&quot;;s:11:&quot;source info&quot;;s:5:&quot;flags&quot;;i:3;s:5:&quot;value&quot;;s:18:&quot;http://fdfdsfs.com&quot;;}s:14:&quot;sourceadminUrl&quot;;a:4:{s:5:&quot;title&quot;;s:16:&quot;source Admin URL&quot;;s:5:&quot;group&quot;;s:11:&quot;source info&quot;;s:5:&quot;flags&quot;;i:11;s:5:&quot;value&quot;;s:23:&quot;http://target.com/dasda&quot;;}s:16:&quot;sourceadminLogin&quot;;a:4:{s:5:&quot;title&quot;;s:18:&quot;source Admin login&quot;;s:5:&quot;group&quot;;s:11:&quot;source info&quot;;s:5:&quot;flags&quot;;i:9;s:5:&quot;value&quot;;s:5:&quot;dsads&quot;;}s:19:&quot;sourceadminPassword&quot;;a:4:{s:5:&quot;title&quot;;s:21:&quot;source Admin password&quot;;s:5:&quot;group&quot;;s:11:&quot;source info&quot;;s:5:&quot;flags&quot;;i:9;s:5:&quot;value&quot;;s:6:&quot;dsadsa&quot;;}s:16:&quot;sourceaccessType&quot;;a:4:{s:5:&quot;title&quot;;s:18:&quot;source Access Type&quot;;s:5:&quot;flags&quot;;i:32;s:5:&quot;value&quot;;s:3:&quot;ftp&quot;;s:5:&quot;group&quot;;N;}s:12:&quot;sourceftpUrl&quot;;a:4:{s:5:&quot;title&quot;;s:19:&quot;source FTP Hostname&quot;;s:5:&quot;group&quot;;s:11:&quot;source info&quot;;s:5:&quot;flags&quot;;i:105;s:5:&quot;value&quot;;N;}s:14:&quot;sourceftpLogin&quot;;a:4:{s:5:&quot;title&quot;;s:16:&quot;source FTP Login&quot;;s:5:&quot;group&quot;;s:11:&quot;source info&quot;;s:5:&quot;flags&quot;;i:105;s:5:&quot;value&quot;;N;}s:17:&quot;sourceftpPassword&quot;;a:4:{s:5:&quot;title&quot;;s:19:&quot;source FTP Password&quot;;s:5:&quot;group&quot;;s:11:&quot;source info&quot;;s:5:&quot;flags&quot;;i:105;s:5:&quot;value&quot;;N;}s:12:&quot;sourceftpDir&quot;;a:4:{s:5:&quot;title&quot;;s:20:&quot;source FTP Directory&quot;;s:5:&quot;group&quot;;s:11:&quot;source info&quot;;s:5:&quot;flags&quot;;i:104;s:5:&quot;value&quot;;N;}s:13:&quot;sourceftpPort&quot;;a:4:{s:5:&quot;title&quot;;s:15:&quot;source FTP Port&quot;;s:5:&quot;group&quot;;s:11:&quot;source info&quot;;s:5:&quot;flags&quot;;i:104;s:5:&quot;value&quot;;N;}s:20:&quot;sourcecpanelUserName&quot;;a:4:{s:5:&quot;title&quot;;s:15:&quot;source Username&quot;;s:5:&quot;group&quot;;s:11:&quot;source info&quot;;s:5:&quot;flags&quot;;i:297;s:5:&quot;value&quot;;N;}s:20:&quot;sourcecpanelPassword&quot;;a:4:{s:5:&quot;title&quot;;s:15:&quot;source Password&quot;;s:5:&quot;group&quot;;s:11:&quot;source info&quot;;s:5:&quot;flags&quot;;i:297;s:5:&quot;value&quot;;N;}s:13:&quot;sourcesshHost&quot;;a:4:{s:5:&quot;title&quot;;s:15:&quot;source SSH Host&quot;;s:5:&quot;group&quot;;s:11:&quot;source info&quot;;s:5:&quot;flags&quot;;i:169;s:5:&quot;value&quot;;N;}s:13:&quot;sourcesshPort&quot;;a:4:{s:5:&quot;title&quot;;s:15:&quot;source SSH Port&quot;;s:5:&quot;group&quot;;s:11:&quot;source info&quot;;s:5:&quot;flags&quot;;i:169;s:5:&quot;value&quot;;N;}s:13:&quot;sourcesshUser&quot;;a:4:{s:5:&quot;title&quot;;s:15:&quot;source SSH User&quot;;s:5:&quot;group&quot;;s:11:&quot;source info&quot;;s:5:&quot;flags&quot;;i:169;s:5:&quot;value&quot;;N;}s:17:&quot;sourcesshAuthType&quot;;a:4:{s:5:&quot;title&quot;;s:16:&quot;source Auth Type&quot;;s:5:&quot;group&quot;;s:11:&quot;source info&quot;;s:5:&quot;flags&quot;;i:169;s:5:&quot;value&quot;;N;}s:17:&quot;sourcesshPassword&quot;;a:4:{s:5:&quot;title&quot;;s:19:&quot;source SSH Password&quot;;s:5:&quot;group&quot;;s:11:&quot;source info&quot;;s:5:&quot;flags&quot;;i:168;s:5:&quot;value&quot;;N;}s:12:&quot;sourcesshKey&quot;;a:4:{s:5:&quot;title&quot;;s:18:&quot;source Private Key&quot;;s:5:&quot;group&quot;;s:11:&quot;source info&quot;;s:5:&quot;flags&quot;;i:168;s:5:&quot;value&quot;;N;}s:19:&quot;sourcesshPassphrase&quot;;a:4:{s:5:&quot;title&quot;;s:17:&quot;source Passphrase&quot;;s:5:&quot;group&quot;;s:11:&quot;source info&quot;;s:5:&quot;flags&quot;;i:168;s:5:&quot;value&quot;;N;}s:12:&quot;targetcartId&quot;;a:5:{s:5:&quot;title&quot;;s:20:&quot;target Shopping Cart&quot;;s:5:&quot;group&quot;;s:11:&quot;target info&quot;;s:5:&quot;flags&quot;;i:1;s:7:&quot;message&quot;;s:20:&quot;Cart type is invalid&quot;;s:5:&quot;value&quot;;s:7:&quot;Shopify&quot;;}s:21:&quot;targetalreadyProvided&quot;;a:4:{s:5:&quot;title&quot;;s:28:&quot;target Data already provided&quot;;s:5:&quot;group&quot;;s:11:&quot;target info&quot;;s:5:&quot;flags&quot;;i:0;s:5:&quot;value&quot;;s:0:&quot;&quot;;}s:9:&quot;targeturl&quot;;a:4:{s:5:&quot;title&quot;;s:16:&quot;target Store URL&quot;;s:5:&quot;group&quot;;s:11:&quot;target info&quot;;s:5:&quot;flags&quot;;i:3;s:5:&quot;value&quot;;s:22:&quot;http://targdasdaet.com&quot;;}s:14:&quot;targetadminUrl&quot;;a:4:{s:5:&quot;title&quot;;s:16:&quot;target Admin URL&quot;;s:5:&quot;group&quot;;s:11:&quot;target info&quot;;s:5:&quot;flags&quot;;i:11;s:5:&quot;value&quot;;s:23:&quot;http://target.com/admin&quot;;}s:16:&quot;targetadminLogin&quot;;a:4:{s:5:&quot;title&quot;;s:18:&quot;target Admin login&quot;;s:5:&quot;group&quot;;s:11:&quot;target info&quot;;s:5:&quot;flags&quot;;i:9;s:5:&quot;value&quot;;s:6:&quot;dsadsa&quot;;}s:19:&quot;targetadminPassword&quot;;a:4:{s:5:&quot;title&quot;;s:21:&quot;target Admin password&quot;;s:5:&quot;group&quot;;s:11:&quot;target info&quot;;s:5:&quot;flags&quot;;i:9;s:5:&quot;value&quot;;s:6:&quot;dsadas&quot;;}s:16:&quot;targetaccessType&quot;;a:4:{s:5:&quot;title&quot;;s:18:&quot;target Access Type&quot;;s:5:&quot;flags&quot;;i:32;s:5:&quot;value&quot;;s:3:&quot;ftp&quot;;s:5:&quot;group&quot;;N;}s:12:&quot;targetftpUrl&quot;;a:4:{s:5:&quot;title&quot;;s:19:&quot;target FTP Hostname&quot;;s:5:&quot;group&quot;;s:11:&quot;target info&quot;;s:5:&quot;flags&quot;;i:105;s:5:&quot;value&quot;;N;}s:14:&quot;targetftpLogin&quot;;a:4:{s:5:&quot;title&quot;;s:16:&quot;target FTP Login&quot;;s:5:&quot;group&quot;;s:11:&quot;target info&quot;;s:5:&quot;flags&quot;;i:105;s:5:&quot;value&quot;;N;}s:17:&quot;targetftpPassword&quot;;a:4:{s:5:&quot;title&quot;;s:19:&quot;target FTP Password&quot;;s:5:&quot;group&quot;;s:11:&quot;target info&quot;;s:5:&quot;flags&quot;;i:105;s:5:&quot;value&quot;;N;}s:12:&quot;targetftpDir&quot;;a:4:{s:5:&quot;title&quot;;s:20:&quot;target FTP Directory&quot;;s:5:&quot;group&quot;;s:11:&quot;target info&quot;;s:5:&quot;flags&quot;;i:104;s:5:&quot;value&quot;;N;}s:13:&quot;targetftpPort&quot;;a:4:{s:5:&quot;title&quot;;s:15:&quot;target FTP Port&quot;;s:5:&quot;group&quot;;s:11:&quot;target info&quot;;s:5:&quot;flags&quot;;i:104;s:5:&quot;value&quot;;N;}s:20:&quot;targetcpanelUserName&quot;;a:4:{s:5:&quot;title&quot;;s:15:&quot;target Username&quot;;s:5:&quot;group&quot;;s:11:&quot;target info&quot;;s:5:&quot;flags&quot;;i:297;s:5:&quot;value&quot;;N;}s:20:&quot;targetcpanelPassword&quot;;a:4:{s:5:&quot;title&quot;;s:15:&quot;target Password&quot;;s:5:&quot;group&quot;;s:11:&quot;target info&quot;;s:5:&quot;flags&quot;;i:297;s:5:&quot;value&quot;;N;}s:13:&quot;targetsshHost&quot;;a:4:{s:5:&quot;title&quot;;s:15:&quot;target SSH Host&quot;;s:5:&quot;group&quot;;s:11:&quot;target info&quot;;s:5:&quot;flags&quot;;i:169;s:5:&quot;value&quot;;N;}s:13:&quot;targetsshPort&quot;;a:4:{s:5:&quot;title&quot;;s:15:&quot;target SSH Port&quot;;s:5:&quot;group&quot;;s:11:&quot;target info&quot;;s:5:&quot;flags&quot;;i:169;s:5:&quot;value&quot;;N;}s:13:&quot;targetsshUser&quot;;a:4:{s:5:&quot;title&quot;;s:15:&quot;target SSH User&quot;;s:5:&quot;group&quot;;s:11:&quot;target info&quot;;s:5:&quot;flags&quot;;i:169;s:5:&quot;value&quot;;N;}s:17:&quot;targetsshAuthType&quot;;a:4:{s:5:&quot;title&quot;;s:16:&quot;target Auth Type&quot;;s:5:&quot;group&quot;;s:11:&quot;target info&quot;;s:5:&quot;flags&quot;;i:169;s:5:&quot;value&quot;;N;}s:17:&quot;targetsshPassword&quot;;a:4:{s:5:&quot;title&quot;;s:19:&quot;target SSH Password&quot;;s:5:&quot;group&quot;;s:11:&quot;target info&quot;;s:5:&quot;flags&quot;;i:168;s:5:&quot;value&quot;;N;}s:12:&quot;targetsshKey&quot;;a:4:{s:5:&quot;title&quot;;s:18:&quot;target Private Key&quot;;s:5:&quot;group&quot;;s:11:&quot;target info&quot;;s:5:&quot;flags&quot;;i:168;s:5:&quot;value&quot;;N;}s:19:&quot;targetsshPassphrase&quot;;a:4:{s:5:&quot;title&quot;;s:17:&quot;target Passphrase&quot;;s:5:&quot;group&quot;;s:11:&quot;target info&quot;;s:5:&quot;flags&quot;;i:168;s:5:&quot;value&quot;;N;}}}',0.02,'2022-03-30 18:31:54','10.0.3.1','N','1970-01-01 00:00:01','regular',0),(11,9,0,0.00,21,22,0,0.00,0.00,'created',NULL,NULL,0,0,'pending','N',0,0.00,'a:0:{}','a:0:{}','0','0','','',0.00,0.00,0,0,0,0,'N','',0.02,'2022-03-30 18:46:48','10.0.3.1','N','1970-01-01 00:00:01','regular',0),(12,9,0,0.00,23,24,0,0.00,0.00,'created',NULL,NULL,0,0,'pending','N',0,0.00,'a:0:{}','a:0:{}','0','0','','',0.00,0.00,0,0,0,0,'N','a:1:{s:13:&quot;package_order&quot;;a:56:{s:8:&quot;username&quot;;a:4:{s:5:&quot;title&quot;;s:4:&quot;Name&quot;;s:5:&quot;group&quot;;s:12:&quot;General Info&quot;;s:5:&quot;flags&quot;;i:1;s:5:&quot;value&quot;;s:8:&quot;Tisting &quot;;}s:8:&quot;usermail&quot;;a:4:{s:5:&quot;title&quot;;s:5:&quot;Email&quot;;s:5:&quot;group&quot;;s:12:&quot;General Info&quot;;s:5:&quot;flags&quot;;i:5;s:5:&quot;value&quot;;s:16:&quot;testing@mail.com&quot;;}s:8:&quot;ticketId&quot;;a:4:{s:5:&quot;title&quot;;s:9:&quot;Ticket ID&quot;;s:5:&quot;group&quot;;s:12:&quot;General Info&quot;;s:5:&quot;flags&quot;;i:0;s:5:&quot;value&quot;;s:0:&quot;&quot;;}s:15:&quot;servicePriority&quot;;a:4:{s:5:&quot;title&quot;;s:16:&quot;Service Priority&quot;;s:5:&quot;group&quot;;s:12:&quot;General Info&quot;;s:5:&quot;flags&quot;;i:1;s:5:&quot;value&quot;;s:33:&quot;MIGRATION_OPTION_SUPPORT_SERVICE1&quot;;}s:20:&quot;servicePriorityTitle&quot;;a:4:{s:5:&quot;title&quot;;s:16:&quot;Service Priority&quot;;s:5:&quot;group&quot;;s:12:&quot;General Info&quot;;s:5:&quot;flags&quot;;i:0;s:5:&quot;value&quot;;s:5:&quot;Basic&quot;;}s:5:&quot;price&quot;;a:4:{s:5:&quot;title&quot;;s:5:&quot;Price&quot;;s:5:&quot;group&quot;;s:12:&quot;General Info&quot;;s:5:&quot;flags&quot;;i:1;s:5:&quot;value&quot;;d:199;}s:6:&quot;coupon&quot;;a:4:{s:5:&quot;title&quot;;s:11:&quot;Coupon Code&quot;;s:5:&quot;group&quot;;s:12:&quot;General Info&quot;;s:5:&quot;flags&quot;;i:0;s:5:&quot;value&quot;;N;}s:8:&quot;entities&quot;;a:4:{s:5:&quot;title&quot;;s:8:&quot;Entities&quot;;s:5:&quot;group&quot;;s:12:&quot;General Info&quot;;s:5:&quot;flags&quot;;i:0;s:5:&quot;value&quot;;s:35:&quot;Products, Categories, Manufacturers&quot;;}s:7:&quot;options&quot;;a:4:{s:5:&quot;title&quot;;s:18:&quot;Additional Options&quot;;s:5:&quot;group&quot;;s:12:&quot;General Info&quot;;s:5:&quot;flags&quot;;i:0;s:5:&quot;value&quot;;s:0:&quot;&quot;;}s:8:&quot;comments&quot;;a:4:{s:5:&quot;title&quot;;s:13:&quot;User comments&quot;;s:5:&quot;group&quot;;s:10:&quot;Additional&quot;;s:5:&quot;flags&quot;;i:0;s:5:&quot;value&quot;;s:0:&quot;&quot;;}s:11:&quot;migrationId&quot;;a:4:{s:5:&quot;title&quot;;s:12:&quot;Migration Id&quot;;s:5:&quot;group&quot;;s:10:&quot;Additional&quot;;s:5:&quot;flags&quot;;i:0;s:5:&quot;value&quot;;s:2:&quot;12&quot;;}s:14:&quot;kayakoTicketId&quot;;a:4:{s:5:&quot;title&quot;;s:17:&quot;Zendesk Ticket Id&quot;;s:5:&quot;group&quot;;s:10:&quot;Additional&quot;;s:5:&quot;flags&quot;;i:0;s:5:&quot;value&quot;;N;}s:12:&quot;jiraReporter&quot;;a:4:{s:5:&quot;title&quot;;s:13:&quot;Jira Reporter&quot;;s:5:&quot;group&quot;;s:10:&quot;Additional&quot;;s:5:&quot;flags&quot;;i:0;s:5:&quot;value&quot;;N;}s:7:&quot;orderId&quot;;a:4:{s:5:&quot;title&quot;;s:8:&quot;Order id&quot;;s:5:&quot;group&quot;;s:10:&quot;Additional&quot;;s:5:&quot;flags&quot;;i:0;s:5:&quot;value&quot;;N;}s:12:&quot;sourcecartId&quot;;a:5:{s:5:&quot;title&quot;;s:20:&quot;source Shopping Cart&quot;;s:5:&quot;group&quot;;s:11:&quot;source info&quot;;s:5:&quot;flags&quot;;i:1;s:7:&quot;message&quot;;s:20:&quot;Cart type is invalid&quot;;s:5:&quot;value&quot;;s:9:&quot;File2Cart&quot;;}s:21:&quot;sourcealreadyProvided&quot;;a:4:{s:5:&quot;title&quot;;s:28:&quot;source Data already provided&quot;;s:5:&quot;group&quot;;s:11:&quot;source info&quot;;s:5:&quot;flags&quot;;i:0;s:5:&quot;value&quot;;s:0:&quot;&quot;;}s:9:&quot;sourceurl&quot;;a:4:{s:5:&quot;title&quot;;s:16:&quot;source Store URL&quot;;s:5:&quot;group&quot;;s:11:&quot;source info&quot;;s:5:&quot;flags&quot;;i:3;s:5:&quot;value&quot;;s:18:&quot;http://fdfdsfs.com&quot;;}s:14:&quot;sourceadminUrl&quot;;a:4:{s:5:&quot;title&quot;;s:16:&quot;source Admin URL&quot;;s:5:&quot;group&quot;;s:11:&quot;source info&quot;;s:5:&quot;flags&quot;;i:11;s:5:&quot;value&quot;;s:23:&quot;http://target.com/dasda&quot;;}s:16:&quot;sourceadminLogin&quot;;a:4:{s:5:&quot;title&quot;;s:18:&quot;source Admin login&quot;;s:5:&quot;group&quot;;s:11:&quot;source info&quot;;s:5:&quot;flags&quot;;i:9;s:5:&quot;value&quot;;s:4:&quot;dsad&quot;;}s:19:&quot;sourceadminPassword&quot;;a:4:{s:5:&quot;title&quot;;s:21:&quot;source Admin password&quot;;s:5:&quot;group&quot;;s:11:&quot;source info&quot;;s:5:&quot;flags&quot;;i:9;s:5:&quot;value&quot;;s:4:&quot;dsda&quot;;}s:16:&quot;sourceaccessType&quot;;a:4:{s:5:&quot;title&quot;;s:18:&quot;source Access Type&quot;;s:5:&quot;flags&quot;;i:32;s:5:&quot;value&quot;;s:3:&quot;ftp&quot;;s:5:&quot;group&quot;;N;}s:12:&quot;sourceftpUrl&quot;;a:4:{s:5:&quot;title&quot;;s:19:&quot;source FTP Hostname&quot;;s:5:&quot;group&quot;;s:11:&quot;source info&quot;;s:5:&quot;flags&quot;;i:105;s:5:&quot;value&quot;;N;}s:14:&quot;sourceftpLogin&quot;;a:4:{s:5:&quot;title&quot;;s:16:&quot;source FTP Login&quot;;s:5:&quot;group&quot;;s:11:&quot;source info&quot;;s:5:&quot;flags&quot;;i:105;s:5:&quot;value&quot;;N;}s:17:&quot;sourceftpPassword&quot;;a:4:{s:5:&quot;title&quot;;s:19:&quot;source FTP Password&quot;;s:5:&quot;group&quot;;s:11:&quot;source info&quot;;s:5:&quot;flags&quot;;i:105;s:5:&quot;value&quot;;N;}s:12:&quot;sourceftpDir&quot;;a:4:{s:5:&quot;title&quot;;s:20:&quot;source FTP Directory&quot;;s:5:&quot;group&quot;;s:11:&quot;source info&quot;;s:5:&quot;flags&quot;;i:104;s:5:&quot;value&quot;;N;}s:13:&quot;sourceftpPort&quot;;a:4:{s:5:&quot;title&quot;;s:15:&quot;source FTP Port&quot;;s:5:&quot;group&quot;;s:11:&quot;source info&quot;;s:5:&quot;flags&quot;;i:104;s:5:&quot;value&quot;;N;}s:20:&quot;sourcecpanelUserName&quot;;a:4:{s:5:&quot;title&quot;;s:15:&quot;source Username&quot;;s:5:&quot;group&quot;;s:11:&quot;source info&quot;;s:5:&quot;flags&quot;;i:297;s:5:&quot;value&quot;;N;}s:20:&quot;sourcecpanelPassword&quot;;a:4:{s:5:&quot;title&quot;;s:15:&quot;source Password&quot;;s:5:&quot;group&quot;;s:11:&quot;source info&quot;;s:5:&quot;flags&quot;;i:297;s:5:&quot;value&quot;;N;}s:13:&quot;sourcesshHost&quot;;a:4:{s:5:&quot;title&quot;;s:15:&quot;source SSH Host&quot;;s:5:&quot;group&quot;;s:11:&quot;source info&quot;;s:5:&quot;flags&quot;;i:169;s:5:&quot;value&quot;;N;}s:13:&quot;sourcesshPort&quot;;a:4:{s:5:&quot;title&quot;;s:15:&quot;source SSH Port&quot;;s:5:&quot;group&quot;;s:11:&quot;source info&quot;;s:5:&quot;flags&quot;;i:169;s:5:&quot;value&quot;;N;}s:13:&quot;sourcesshUser&quot;;a:4:{s:5:&quot;title&quot;;s:15:&quot;source SSH User&quot;;s:5:&quot;group&quot;;s:11:&quot;source info&quot;;s:5:&quot;flags&quot;;i:169;s:5:&quot;value&quot;;N;}s:17:&quot;sourcesshAuthType&quot;;a:4:{s:5:&quot;title&quot;;s:16:&quot;source Auth Type&quot;;s:5:&quot;group&quot;;s:11:&quot;source info&quot;;s:5:&quot;flags&quot;;i:169;s:5:&quot;value&quot;;N;}s:17:&quot;sourcesshPassword&quot;;a:4:{s:5:&quot;title&quot;;s:19:&quot;source SSH Password&quot;;s:5:&quot;group&quot;;s:11:&quot;source info&quot;;s:5:&quot;flags&quot;;i:168;s:5:&quot;value&quot;;N;}s:12:&quot;sourcesshKey&quot;;a:4:{s:5:&quot;title&quot;;s:18:&quot;source Private Key&quot;;s:5:&quot;group&quot;;s:11:&quot;source info&quot;;s:5:&quot;flags&quot;;i:168;s:5:&quot;value&quot;;N;}s:19:&quot;sourcesshPassphrase&quot;;a:4:{s:5:&quot;title&quot;;s:17:&quot;source Passphrase&quot;;s:5:&quot;group&quot;;s:11:&quot;source info&quot;;s:5:&quot;flags&quot;;i:168;s:5:&quot;value&quot;;N;}s:12:&quot;targetcartId&quot;;a:5:{s:5:&quot;title&quot;;s:20:&quot;target Shopping Cart&quot;;s:5:&quot;group&quot;;s:11:&quot;target info&quot;;s:5:&quot;flags&quot;;i:1;s:7:&quot;message&quot;;s:20:&quot;Cart type is invalid&quot;;s:5:&quot;value&quot;;s:7:&quot;Shopify&quot;;}s:21:&quot;targetalreadyProvided&quot;;a:4:{s:5:&quot;title&quot;;s:28:&quot;target Data already provided&quot;;s:5:&quot;group&quot;;s:11:&quot;target info&quot;;s:5:&quot;flags&quot;;i:0;s:5:&quot;value&quot;;s:0:&quot;&quot;;}s:9:&quot;targeturl&quot;;a:4:{s:5:&quot;title&quot;;s:16:&quot;target Store URL&quot;;s:5:&quot;group&quot;;s:11:&quot;target info&quot;;s:5:&quot;flags&quot;;i:3;s:5:&quot;value&quot;;s:22:&quot;http://targedasdat.com&quot;;}s:14:&quot;targetadminUrl&quot;;a:4:{s:5:&quot;title&quot;;s:16:&quot;target Admin URL&quot;;s:5:&quot;group&quot;;s:11:&quot;target info&quot;;s:5:&quot;flags&quot;;i:11;s:5:&quot;value&quot;;s:23:&quot;http://target.com/admin&quot;;}s:16:&quot;targetadminLogin&quot;;a:4:{s:5:&quot;title&quot;;s:18:&quot;target Admin login&quot;;s:5:&quot;group&quot;;s:11:&quot;target info&quot;;s:5:&quot;flags&quot;;i:9;s:5:&quot;value&quot;;s:4:&quot;dsad&quot;;}s:19:&quot;targetadminPassword&quot;;a:4:{s:5:&quot;title&quot;;s:21:&quot;target Admin password&quot;;s:5:&quot;group&quot;;s:11:&quot;target info&quot;;s:5:&quot;flags&quot;;i:9;s:5:&quot;value&quot;;s:6:&quot;dsadas&quot;;}s:16:&quot;targetaccessType&quot;;a:4:{s:5:&quot;title&quot;;s:18:&quot;target Access Type&quot;;s:5:&quot;flags&quot;;i:32;s:5:&quot;value&quot;;s:3:&quot;ftp&quot;;s:5:&quot;group&quot;;N;}s:12:&quot;targetftpUrl&quot;;a:4:{s:5:&quot;title&quot;;s:19:&quot;target FTP Hostname&quot;;s:5:&quot;group&quot;;s:11:&quot;target info&quot;;s:5:&quot;flags&quot;;i:105;s:5:&quot;value&quot;;N;}s:14:&quot;targetftpLogin&quot;;a:4:{s:5:&quot;title&quot;;s:16:&quot;target FTP Login&quot;;s:5:&quot;group&quot;;s:11:&quot;target info&quot;;s:5:&quot;flags&quot;;i:105;s:5:&quot;value&quot;;N;}s:17:&quot;targetftpPassword&quot;;a:4:{s:5:&quot;title&quot;;s:19:&quot;target FTP Password&quot;;s:5:&quot;group&quot;;s:11:&quot;target info&quot;;s:5:&quot;flags&quot;;i:105;s:5:&quot;value&quot;;N;}s:12:&quot;targetftpDir&quot;;a:4:{s:5:&quot;title&quot;;s:20:&quot;target FTP Directory&quot;;s:5:&quot;group&quot;;s:11:&quot;target info&quot;;s:5:&quot;flags&quot;;i:104;s:5:&quot;value&quot;;N;}s:13:&quot;targetftpPort&quot;;a:4:{s:5:&quot;title&quot;;s:15:&quot;target FTP Port&quot;;s:5:&quot;group&quot;;s:11:&quot;target info&quot;;s:5:&quot;flags&quot;;i:104;s:5:&quot;value&quot;;N;}s:20:&quot;targetcpanelUserName&quot;;a:4:{s:5:&quot;title&quot;;s:15:&quot;target Username&quot;;s:5:&quot;group&quot;;s:11:&quot;target info&quot;;s:5:&quot;flags&quot;;i:297;s:5:&quot;value&quot;;N;}s:20:&quot;targetcpanelPassword&quot;;a:4:{s:5:&quot;title&quot;;s:15:&quot;target Password&quot;;s:5:&quot;group&quot;;s:11:&quot;target info&quot;;s:5:&quot;flags&quot;;i:297;s:5:&quot;value&quot;;N;}s:13:&quot;targetsshHost&quot;;a:4:{s:5:&quot;title&quot;;s:15:&quot;target SSH Host&quot;;s:5:&quot;group&quot;;s:11:&quot;target info&quot;;s:5:&quot;flags&quot;;i:169;s:5:&quot;value&quot;;N;}s:13:&quot;targetsshPort&quot;;a:4:{s:5:&quot;title&quot;;s:15:&quot;target SSH Port&quot;;s:5:&quot;group&quot;;s:11:&quot;target info&quot;;s:5:&quot;flags&quot;;i:169;s:5:&quot;value&quot;;N;}s:13:&quot;targetsshUser&quot;;a:4:{s:5:&quot;title&quot;;s:15:&quot;target SSH User&quot;;s:5:&quot;group&quot;;s:11:&quot;target info&quot;;s:5:&quot;flags&quot;;i:169;s:5:&quot;value&quot;;N;}s:17:&quot;targetsshAuthType&quot;;a:4:{s:5:&quot;title&quot;;s:16:&quot;target Auth Type&quot;;s:5:&quot;group&quot;;s:11:&quot;target info&quot;;s:5:&quot;flags&quot;;i:169;s:5:&quot;value&quot;;N;}s:17:&quot;targetsshPassword&quot;;a:4:{s:5:&quot;title&quot;;s:19:&quot;target SSH Password&quot;;s:5:&quot;group&quot;;s:11:&quot;target info&quot;;s:5:&quot;flags&quot;;i:168;s:5:&quot;value&quot;;N;}s:12:&quot;targetsshKey&quot;;a:4:{s:5:&quot;title&quot;;s:18:&quot;target Private Key&quot;;s:5:&quot;group&quot;;s:11:&quot;target info&quot;;s:5:&quot;flags&quot;;i:168;s:5:&quot;value&quot;;N;}s:19:&quot;targetsshPassphrase&quot;;a:4:{s:5:&quot;title&quot;;s:17:&quot;target Passphrase&quot;;s:5:&quot;group&quot;;s:11:&quot;target info&quot;;s:5:&quot;flags&quot;;i:168;s:5:&quot;value&quot;;N;}}}',0.02,'2022-03-30 18:55:25','10.0.3.1','N','1970-01-01 00:00:01','regular',0),(13,9,0,0.00,25,26,0,0.00,0.00,'created',NULL,NULL,0,0,'pending','N',0,0.00,'a:0:{}','a:0:{}','0','0','','',0.00,0.00,0,0,0,0,'N','a:1:{s:13:&quot;package_order&quot;;a:56:{s:8:&quot;username&quot;;a:4:{s:5:&quot;title&quot;;s:4:&quot;Name&quot;;s:5:&quot;group&quot;;s:12:&quot;General Info&quot;;s:5:&quot;flags&quot;;i:1;s:5:&quot;value&quot;;s:8:&quot;Tisting &quot;;}s:8:&quot;usermail&quot;;a:4:{s:5:&quot;title&quot;;s:5:&quot;Email&quot;;s:5:&quot;group&quot;;s:12:&quot;General Info&quot;;s:5:&quot;flags&quot;;i:5;s:5:&quot;value&quot;;s:16:&quot;testing@mail.com&quot;;}s:8:&quot;ticketId&quot;;a:4:{s:5:&quot;title&quot;;s:9:&quot;Ticket ID&quot;;s:5:&quot;group&quot;;s:12:&quot;General Info&quot;;s:5:&quot;flags&quot;;i:0;s:5:&quot;value&quot;;s:0:&quot;&quot;;}s:15:&quot;servicePriority&quot;;a:4:{s:5:&quot;title&quot;;s:16:&quot;Service Priority&quot;;s:5:&quot;group&quot;;s:12:&quot;General Info&quot;;s:5:&quot;flags&quot;;i:1;s:5:&quot;value&quot;;s:33:&quot;MIGRATION_OPTION_SUPPORT_SERVICE1&quot;;}s:20:&quot;servicePriorityTitle&quot;;a:4:{s:5:&quot;title&quot;;s:16:&quot;Service Priority&quot;;s:5:&quot;group&quot;;s:12:&quot;General Info&quot;;s:5:&quot;flags&quot;;i:0;s:5:&quot;value&quot;;s:5:&quot;Basic&quot;;}s:5:&quot;price&quot;;a:4:{s:5:&quot;title&quot;;s:5:&quot;Price&quot;;s:5:&quot;group&quot;;s:12:&quot;General Info&quot;;s:5:&quot;flags&quot;;i:1;s:5:&quot;value&quot;;d:199;}s:6:&quot;coupon&quot;;a:4:{s:5:&quot;title&quot;;s:11:&quot;Coupon Code&quot;;s:5:&quot;group&quot;;s:12:&quot;General Info&quot;;s:5:&quot;flags&quot;;i:0;s:5:&quot;value&quot;;N;}s:8:&quot;entities&quot;;a:4:{s:5:&quot;title&quot;;s:8:&quot;Entities&quot;;s:5:&quot;group&quot;;s:12:&quot;General Info&quot;;s:5:&quot;flags&quot;;i:0;s:5:&quot;value&quot;;s:35:&quot;Products, Categories, Manufacturers&quot;;}s:7:&quot;options&quot;;a:4:{s:5:&quot;title&quot;;s:18:&quot;Additional Options&quot;;s:5:&quot;group&quot;;s:12:&quot;General Info&quot;;s:5:&quot;flags&quot;;i:0;s:5:&quot;value&quot;;s:0:&quot;&quot;;}s:8:&quot;comments&quot;;a:4:{s:5:&quot;title&quot;;s:13:&quot;User comments&quot;;s:5:&quot;group&quot;;s:10:&quot;Additional&quot;;s:5:&quot;flags&quot;;i:0;s:5:&quot;value&quot;;s:0:&quot;&quot;;}s:11:&quot;migrationId&quot;;a:4:{s:5:&quot;title&quot;;s:12:&quot;Migration Id&quot;;s:5:&quot;group&quot;;s:10:&quot;Additional&quot;;s:5:&quot;flags&quot;;i:0;s:5:&quot;value&quot;;s:2:&quot;13&quot;;}s:14:&quot;kayakoTicketId&quot;;a:4:{s:5:&quot;title&quot;;s:17:&quot;Zendesk Ticket Id&quot;;s:5:&quot;group&quot;;s:10:&quot;Additional&quot;;s:5:&quot;flags&quot;;i:0;s:5:&quot;value&quot;;N;}s:12:&quot;jiraReporter&quot;;a:4:{s:5:&quot;title&quot;;s:13:&quot;Jira Reporter&quot;;s:5:&quot;group&quot;;s:10:&quot;Additional&quot;;s:5:&quot;flags&quot;;i:0;s:5:&quot;value&quot;;N;}s:7:&quot;orderId&quot;;a:4:{s:5:&quot;title&quot;;s:8:&quot;Order id&quot;;s:5:&quot;group&quot;;s:10:&quot;Additional&quot;;s:5:&quot;flags&quot;;i:0;s:5:&quot;value&quot;;N;}s:12:&quot;sourcecartId&quot;;a:5:{s:5:&quot;title&quot;;s:20:&quot;source Shopping Cart&quot;;s:5:&quot;group&quot;;s:11:&quot;source info&quot;;s:5:&quot;flags&quot;;i:1;s:7:&quot;message&quot;;s:20:&quot;Cart type is invalid&quot;;s:5:&quot;value&quot;;s:9:&quot;File2Cart&quot;;}s:21:&quot;sourcealreadyProvided&quot;;a:4:{s:5:&quot;title&quot;;s:28:&quot;source Data already provided&quot;;s:5:&quot;group&quot;;s:11:&quot;source info&quot;;s:5:&quot;flags&quot;;i:0;s:5:&quot;value&quot;;s:0:&quot;&quot;;}s:9:&quot;sourceurl&quot;;a:4:{s:5:&quot;title&quot;;s:16:&quot;source Store URL&quot;;s:5:&quot;group&quot;;s:11:&quot;source info&quot;;s:5:&quot;flags&quot;;i:3;s:5:&quot;value&quot;;s:18:&quot;http://fdfdsfs.com&quot;;}s:14:&quot;sourceadminUrl&quot;;a:4:{s:5:&quot;title&quot;;s:16:&quot;source Admin URL&quot;;s:5:&quot;group&quot;;s:11:&quot;source info&quot;;s:5:&quot;flags&quot;;i:11;s:5:&quot;value&quot;;s:23:&quot;http://target.com/dasda&quot;;}s:16:&quot;sourceadminLogin&quot;;a:4:{s:5:&quot;title&quot;;s:18:&quot;source Admin login&quot;;s:5:&quot;group&quot;;s:11:&quot;source info&quot;;s:5:&quot;flags&quot;;i:9;s:5:&quot;value&quot;;s:4:&quot;dsad&quot;;}s:19:&quot;sourceadminPassword&quot;;a:4:{s:5:&quot;title&quot;;s:21:&quot;source Admin password&quot;;s:5:&quot;group&quot;;s:11:&quot;source info&quot;;s:5:&quot;flags&quot;;i:9;s:5:&quot;value&quot;;s:6:&quot;dsadas&quot;;}s:16:&quot;sourceaccessType&quot;;a:4:{s:5:&quot;title&quot;;s:18:&quot;source Access Type&quot;;s:5:&quot;flags&quot;;i:32;s:5:&quot;value&quot;;s:3:&quot;ftp&quot;;s:5:&quot;group&quot;;N;}s:12:&quot;sourceftpUrl&quot;;a:4:{s:5:&quot;title&quot;;s:19:&quot;source FTP Hostname&quot;;s:5:&quot;group&quot;;s:11:&quot;source info&quot;;s:5:&quot;flags&quot;;i:105;s:5:&quot;value&quot;;N;}s:14:&quot;sourceftpLogin&quot;;a:4:{s:5:&quot;title&quot;;s:16:&quot;source FTP Login&quot;;s:5:&quot;group&quot;;s:11:&quot;source info&quot;;s:5:&quot;flags&quot;;i:105;s:5:&quot;value&quot;;N;}s:17:&quot;sourceftpPassword&quot;;a:4:{s:5:&quot;title&quot;;s:19:&quot;source FTP Password&quot;;s:5:&quot;group&quot;;s:11:&quot;source info&quot;;s:5:&quot;flags&quot;;i:105;s:5:&quot;value&quot;;N;}s:12:&quot;sourceftpDir&quot;;a:4:{s:5:&quot;title&quot;;s:20:&quot;source FTP Directory&quot;;s:5:&quot;group&quot;;s:11:&quot;source info&quot;;s:5:&quot;flags&quot;;i:104;s:5:&quot;value&quot;;N;}s:13:&quot;sourceftpPort&quot;;a:4:{s:5:&quot;title&quot;;s:15:&quot;source FTP Port&quot;;s:5:&quot;group&quot;;s:11:&quot;source info&quot;;s:5:&quot;flags&quot;;i:104;s:5:&quot;value&quot;;N;}s:20:&quot;sourcecpanelUserName&quot;;a:4:{s:5:&quot;title&quot;;s:15:&quot;source Username&quot;;s:5:&quot;group&quot;;s:11:&quot;source info&quot;;s:5:&quot;flags&quot;;i:297;s:5:&quot;value&quot;;N;}s:20:&quot;sourcecpanelPassword&quot;;a:4:{s:5:&quot;title&quot;;s:15:&quot;source Password&quot;;s:5:&quot;group&quot;;s:11:&quot;source info&quot;;s:5:&quot;flags&quot;;i:297;s:5:&quot;value&quot;;N;}s:13:&quot;sourcesshHost&quot;;a:4:{s:5:&quot;title&quot;;s:15:&quot;source SSH Host&quot;;s:5:&quot;group&quot;;s:11:&quot;source info&quot;;s:5:&quot;flags&quot;;i:169;s:5:&quot;value&quot;;N;}s:13:&quot;sourcesshPort&quot;;a:4:{s:5:&quot;title&quot;;s:15:&quot;source SSH Port&quot;;s:5:&quot;group&quot;;s:11:&quot;source info&quot;;s:5:&quot;flags&quot;;i:169;s:5:&quot;value&quot;;N;}s:13:&quot;sourcesshUser&quot;;a:4:{s:5:&quot;title&quot;;s:15:&quot;source SSH User&quot;;s:5:&quot;group&quot;;s:11:&quot;source info&quot;;s:5:&quot;flags&quot;;i:169;s:5:&quot;value&quot;;N;}s:17:&quot;sourcesshAuthType&quot;;a:4:{s:5:&quot;title&quot;;s:16:&quot;source Auth Type&quot;;s:5:&quot;group&quot;;s:11:&quot;source info&quot;;s:5:&quot;flags&quot;;i:169;s:5:&quot;value&quot;;N;}s:17:&quot;sourcesshPassword&quot;;a:4:{s:5:&quot;title&quot;;s:19:&quot;source SSH Password&quot;;s:5:&quot;group&quot;;s:11:&quot;source info&quot;;s:5:&quot;flags&quot;;i:168;s:5:&quot;value&quot;;N;}s:12:&quot;sourcesshKey&quot;;a:4:{s:5:&quot;title&quot;;s:18:&quot;source Private Key&quot;;s:5:&quot;group&quot;;s:11:&quot;source info&quot;;s:5:&quot;flags&quot;;i:168;s:5:&quot;value&quot;;N;}s:19:&quot;sourcesshPassphrase&quot;;a:4:{s:5:&quot;title&quot;;s:17:&quot;source Passphrase&quot;;s:5:&quot;group&quot;;s:11:&quot;source info&quot;;s:5:&quot;flags&quot;;i:168;s:5:&quot;value&quot;;N;}s:12:&quot;targetcartId&quot;;a:5:{s:5:&quot;title&quot;;s:20:&quot;target Shopping Cart&quot;;s:5:&quot;group&quot;;s:11:&quot;target info&quot;;s:5:&quot;flags&quot;;i:1;s:7:&quot;message&quot;;s:20:&quot;Cart type is invalid&quot;;s:5:&quot;value&quot;;s:7:&quot;Shopify&quot;;}s:21:&quot;targetalreadyProvided&quot;;a:4:{s:5:&quot;title&quot;;s:28:&quot;target Data already provided&quot;;s:5:&quot;group&quot;;s:11:&quot;target info&quot;;s:5:&quot;flags&quot;;i:0;s:5:&quot;value&quot;;s:0:&quot;&quot;;}s:9:&quot;targeturl&quot;;a:4:{s:5:&quot;title&quot;;s:16:&quot;target Store URL&quot;;s:5:&quot;group&quot;;s:11:&quot;target info&quot;;s:5:&quot;flags&quot;;i:3;s:5:&quot;value&quot;;s:22:&quot;http://targedasdat.com&quot;;}s:14:&quot;targetadminUrl&quot;;a:4:{s:5:&quot;title&quot;;s:16:&quot;target Admin URL&quot;;s:5:&quot;group&quot;;s:11:&quot;target info&quot;;s:5:&quot;flags&quot;;i:11;s:5:&quot;value&quot;;s:23:&quot;http://target.com/admin&quot;;}s:16:&quot;targetadminLogin&quot;;a:4:{s:5:&quot;title&quot;;s:18:&quot;target Admin login&quot;;s:5:&quot;group&quot;;s:11:&quot;target info&quot;;s:5:&quot;flags&quot;;i:9;s:5:&quot;value&quot;;s:6:&quot;dasdsa&quot;;}s:19:&quot;targetadminPassword&quot;;a:4:{s:5:&quot;title&quot;;s:21:&quot;target Admin password&quot;;s:5:&quot;group&quot;;s:11:&quot;target info&quot;;s:5:&quot;flags&quot;;i:9;s:5:&quot;value&quot;;s:6:&quot;dsadsa&quot;;}s:16:&quot;targetaccessType&quot;;a:4:{s:5:&quot;title&quot;;s:18:&quot;target Access Type&quot;;s:5:&quot;flags&quot;;i:32;s:5:&quot;value&quot;;s:3:&quot;ftp&quot;;s:5:&quot;group&quot;;N;}s:12:&quot;targetftpUrl&quot;;a:4:{s:5:&quot;title&quot;;s:19:&quot;target FTP Hostname&quot;;s:5:&quot;group&quot;;s:11:&quot;target info&quot;;s:5:&quot;flags&quot;;i:105;s:5:&quot;value&quot;;N;}s:14:&quot;targetftpLogin&quot;;a:4:{s:5:&quot;title&quot;;s:16:&quot;target FTP Login&quot;;s:5:&quot;group&quot;;s:11:&quot;target info&quot;;s:5:&quot;flags&quot;;i:105;s:5:&quot;value&quot;;N;}s:17:&quot;targetftpPassword&quot;;a:4:{s:5:&quot;title&quot;;s:19:&quot;target FTP Password&quot;;s:5:&quot;group&quot;;s:11:&quot;target info&quot;;s:5:&quot;flags&quot;;i:105;s:5:&quot;value&quot;;N;}s:12:&quot;targetftpDir&quot;;a:4:{s:5:&quot;title&quot;;s:20:&quot;target FTP Directory&quot;;s:5:&quot;group&quot;;s:11:&quot;target info&quot;;s:5:&quot;flags&quot;;i:104;s:5:&quot;value&quot;;N;}s:13:&quot;targetftpPort&quot;;a:4:{s:5:&quot;title&quot;;s:15:&quot;target FTP Port&quot;;s:5:&quot;group&quot;;s:11:&quot;target info&quot;;s:5:&quot;flags&quot;;i:104;s:5:&quot;value&quot;;N;}s:20:&quot;targetcpanelUserName&quot;;a:4:{s:5:&quot;title&quot;;s:15:&quot;target Username&quot;;s:5:&quot;group&quot;;s:11:&quot;target info&quot;;s:5:&quot;flags&quot;;i:297;s:5:&quot;value&quot;;N;}s:20:&quot;targetcpanelPassword&quot;;a:4:{s:5:&quot;title&quot;;s:15:&quot;target Password&quot;;s:5:&quot;group&quot;;s:11:&quot;target info&quot;;s:5:&quot;flags&quot;;i:297;s:5:&quot;value&quot;;N;}s:13:&quot;targetsshHost&quot;;a:4:{s:5:&quot;title&quot;;s:15:&quot;target SSH Host&quot;;s:5:&quot;group&quot;;s:11:&quot;target info&quot;;s:5:&quot;flags&quot;;i:169;s:5:&quot;value&quot;;N;}s:13:&quot;targetsshPort&quot;;a:4:{s:5:&quot;title&quot;;s:15:&quot;target SSH Port&quot;;s:5:&quot;group&quot;;s:11:&quot;target info&quot;;s:5:&quot;flags&quot;;i:169;s:5:&quot;value&quot;;N;}s:13:&quot;targetsshUser&quot;;a:4:{s:5:&quot;title&quot;;s:15:&quot;target SSH User&quot;;s:5:&quot;group&quot;;s:11:&quot;target info&quot;;s:5:&quot;flags&quot;;i:169;s:5:&quot;value&quot;;N;}s:17:&quot;targetsshAuthType&quot;;a:4:{s:5:&quot;title&quot;;s:16:&quot;target Auth Type&quot;;s:5:&quot;group&quot;;s:11:&quot;target info&quot;;s:5:&quot;flags&quot;;i:169;s:5:&quot;value&quot;;N;}s:17:&quot;targetsshPassword&quot;;a:4:{s:5:&quot;title&quot;;s:19:&quot;target SSH Password&quot;;s:5:&quot;group&quot;;s:11:&quot;target info&quot;;s:5:&quot;flags&quot;;i:168;s:5:&quot;value&quot;;N;}s:12:&quot;targetsshKey&quot;;a:4:{s:5:&quot;title&quot;;s:18:&quot;target Private Key&quot;;s:5:&quot;group&quot;;s:11:&quot;target info&quot;;s:5:&quot;flags&quot;;i:168;s:5:&quot;value&quot;;N;}s:19:&quot;targetsshPassphrase&quot;;a:4:{s:5:&quot;title&quot;;s:17:&quot;target Passphrase&quot;;s:5:&quot;group&quot;;s:11:&quot;target info&quot;;s:5:&quot;flags&quot;;i:168;s:5:&quot;value&quot;;N;}}}',0.02,'2022-03-30 18:57:07','10.0.3.1','N','1970-01-01 00:00:01','regular',0),(14,9,0,0.00,27,28,0,0.00,0.00,'created',NULL,NULL,0,0,'pending','N',0,0.00,'a:0:{}','a:0:{}','0','0','','',0.00,0.00,0,0,0,0,'N','a:1:{s:13:&quot;package_order&quot;;a:56:{s:8:&quot;username&quot;;a:4:{s:5:&quot;title&quot;;s:4:&quot;Name&quot;;s:5:&quot;group&quot;;s:12:&quot;General Info&quot;;s:5:&quot;flags&quot;;i:1;s:5:&quot;value&quot;;s:8:&quot;Tisting &quot;;}s:8:&quot;usermail&quot;;a:4:{s:5:&quot;title&quot;;s:5:&quot;Email&quot;;s:5:&quot;group&quot;;s:12:&quot;General Info&quot;;s:5:&quot;flags&quot;;i:5;s:5:&quot;value&quot;;s:16:&quot;testing@mail.com&quot;;}s:8:&quot;ticketId&quot;;a:4:{s:5:&quot;title&quot;;s:9:&quot;Ticket ID&quot;;s:5:&quot;group&quot;;s:12:&quot;General Info&quot;;s:5:&quot;flags&quot;;i:0;s:5:&quot;value&quot;;s:0:&quot;&quot;;}s:15:&quot;servicePriority&quot;;a:4:{s:5:&quot;title&quot;;s:16:&quot;Service Priority&quot;;s:5:&quot;group&quot;;s:12:&quot;General Info&quot;;s:5:&quot;flags&quot;;i:1;s:5:&quot;value&quot;;s:33:&quot;MIGRATION_OPTION_SUPPORT_SERVICE1&quot;;}s:20:&quot;servicePriorityTitle&quot;;a:4:{s:5:&quot;title&quot;;s:16:&quot;Service Priority&quot;;s:5:&quot;group&quot;;s:12:&quot;General Info&quot;;s:5:&quot;flags&quot;;i:0;s:5:&quot;value&quot;;s:5:&quot;Basic&quot;;}s:5:&quot;price&quot;;a:4:{s:5:&quot;title&quot;;s:5:&quot;Price&quot;;s:5:&quot;group&quot;;s:12:&quot;General Info&quot;;s:5:&quot;flags&quot;;i:1;s:5:&quot;value&quot;;d:199;}s:6:&quot;coupon&quot;;a:4:{s:5:&quot;title&quot;;s:11:&quot;Coupon Code&quot;;s:5:&quot;group&quot;;s:12:&quot;General Info&quot;;s:5:&quot;flags&quot;;i:0;s:5:&quot;value&quot;;N;}s:8:&quot;entities&quot;;a:4:{s:5:&quot;title&quot;;s:8:&quot;Entities&quot;;s:5:&quot;group&quot;;s:12:&quot;General Info&quot;;s:5:&quot;flags&quot;;i:0;s:5:&quot;value&quot;;s:35:&quot;Products, Categories, Manufacturers&quot;;}s:7:&quot;options&quot;;a:4:{s:5:&quot;title&quot;;s:18:&quot;Additional Options&quot;;s:5:&quot;group&quot;;s:12:&quot;General Info&quot;;s:5:&quot;flags&quot;;i:0;s:5:&quot;value&quot;;s:0:&quot;&quot;;}s:8:&quot;comments&quot;;a:4:{s:5:&quot;title&quot;;s:13:&quot;User comments&quot;;s:5:&quot;group&quot;;s:10:&quot;Additional&quot;;s:5:&quot;flags&quot;;i:0;s:5:&quot;value&quot;;s:0:&quot;&quot;;}s:11:&quot;migrationId&quot;;a:4:{s:5:&quot;title&quot;;s:12:&quot;Migration Id&quot;;s:5:&quot;group&quot;;s:10:&quot;Additional&quot;;s:5:&quot;flags&quot;;i:0;s:5:&quot;value&quot;;s:2:&quot;14&quot;;}s:14:&quot;kayakoTicketId&quot;;a:4:{s:5:&quot;title&quot;;s:17:&quot;Zendesk Ticket Id&quot;;s:5:&quot;group&quot;;s:10:&quot;Additional&quot;;s:5:&quot;flags&quot;;i:0;s:5:&quot;value&quot;;N;}s:12:&quot;jiraReporter&quot;;a:4:{s:5:&quot;title&quot;;s:13:&quot;Jira Reporter&quot;;s:5:&quot;group&quot;;s:10:&quot;Additional&quot;;s:5:&quot;flags&quot;;i:0;s:5:&quot;value&quot;;N;}s:7:&quot;orderId&quot;;a:4:{s:5:&quot;title&quot;;s:8:&quot;Order id&quot;;s:5:&quot;group&quot;;s:10:&quot;Additional&quot;;s:5:&quot;flags&quot;;i:0;s:5:&quot;value&quot;;N;}s:12:&quot;sourcecartId&quot;;a:5:{s:5:&quot;title&quot;;s:20:&quot;source Shopping Cart&quot;;s:5:&quot;group&quot;;s:11:&quot;source info&quot;;s:5:&quot;flags&quot;;i:1;s:7:&quot;message&quot;;s:20:&quot;Cart type is invalid&quot;;s:5:&quot;value&quot;;s:9:&quot;File2Cart&quot;;}s:21:&quot;sourcealreadyProvided&quot;;a:4:{s:5:&quot;title&quot;;s:28:&quot;source Data already provided&quot;;s:5:&quot;group&quot;;s:11:&quot;source info&quot;;s:5:&quot;flags&quot;;i:0;s:5:&quot;value&quot;;s:0:&quot;&quot;;}s:9:&quot;sourceurl&quot;;a:4:{s:5:&quot;title&quot;;s:16:&quot;source Store URL&quot;;s:5:&quot;group&quot;;s:11:&quot;source info&quot;;s:5:&quot;flags&quot;;i:3;s:5:&quot;value&quot;;s:18:&quot;http://fdfdsfs.com&quot;;}s:14:&quot;sourceadminUrl&quot;;a:4:{s:5:&quot;title&quot;;s:16:&quot;source Admin URL&quot;;s:5:&quot;group&quot;;s:11:&quot;source info&quot;;s:5:&quot;flags&quot;;i:11;s:5:&quot;value&quot;;s:23:&quot;http://target.com/dasda&quot;;}s:16:&quot;sourceadminLogin&quot;;a:4:{s:5:&quot;title&quot;;s:18:&quot;source Admin login&quot;;s:5:&quot;group&quot;;s:11:&quot;source info&quot;;s:5:&quot;flags&quot;;i:9;s:5:&quot;value&quot;;s:6:&quot;dasdsa&quot;;}s:19:&quot;sourceadminPassword&quot;;a:4:{s:5:&quot;title&quot;;s:21:&quot;source Admin password&quot;;s:5:&quot;group&quot;;s:11:&quot;source info&quot;;s:5:&quot;flags&quot;;i:9;s:5:&quot;value&quot;;s:4:&quot;dsad&quot;;}s:16:&quot;sourceaccessType&quot;;a:4:{s:5:&quot;title&quot;;s:18:&quot;source Access Type&quot;;s:5:&quot;flags&quot;;i:32;s:5:&quot;value&quot;;s:3:&quot;ftp&quot;;s:5:&quot;group&quot;;N;}s:12:&quot;sourceftpUrl&quot;;a:4:{s:5:&quot;title&quot;;s:19:&quot;source FTP Hostname&quot;;s:5:&quot;group&quot;;s:11:&quot;source info&quot;;s:5:&quot;flags&quot;;i:105;s:5:&quot;value&quot;;N;}s:14:&quot;sourceftpLogin&quot;;a:4:{s:5:&quot;title&quot;;s:16:&quot;source FTP Login&quot;;s:5:&quot;group&quot;;s:11:&quot;source info&quot;;s:5:&quot;flags&quot;;i:105;s:5:&quot;value&quot;;N;}s:17:&quot;sourceftpPassword&quot;;a:4:{s:5:&quot;title&quot;;s:19:&quot;source FTP Password&quot;;s:5:&quot;group&quot;;s:11:&quot;source info&quot;;s:5:&quot;flags&quot;;i:105;s:5:&quot;value&quot;;N;}s:12:&quot;sourceftpDir&quot;;a:4:{s:5:&quot;title&quot;;s:20:&quot;source FTP Directory&quot;;s:5:&quot;group&quot;;s:11:&quot;source info&quot;;s:5:&quot;flags&quot;;i:104;s:5:&quot;value&quot;;N;}s:13:&quot;sourceftpPort&quot;;a:4:{s:5:&quot;title&quot;;s:15:&quot;source FTP Port&quot;;s:5:&quot;group&quot;;s:11:&quot;source info&quot;;s:5:&quot;flags&quot;;i:104;s:5:&quot;value&quot;;N;}s:20:&quot;sourcecpanelUserName&quot;;a:4:{s:5:&quot;title&quot;;s:15:&quot;source Username&quot;;s:5:&quot;group&quot;;s:11:&quot;source info&quot;;s:5:&quot;flags&quot;;i:297;s:5:&quot;value&quot;;N;}s:20:&quot;sourcecpanelPassword&quot;;a:4:{s:5:&quot;title&quot;;s:15:&quot;source Password&quot;;s:5:&quot;group&quot;;s:11:&quot;source info&quot;;s:5:&quot;flags&quot;;i:297;s:5:&quot;value&quot;;N;}s:13:&quot;sourcesshHost&quot;;a:4:{s:5:&quot;title&quot;;s:15:&quot;source SSH Host&quot;;s:5:&quot;group&quot;;s:11:&quot;source info&quot;;s:5:&quot;flags&quot;;i:169;s:5:&quot;value&quot;;N;}s:13:&quot;sourcesshPort&quot;;a:4:{s:5:&quot;title&quot;;s:15:&quot;source SSH Port&quot;;s:5:&quot;group&quot;;s:11:&quot;source info&quot;;s:5:&quot;flags&quot;;i:169;s:5:&quot;value&quot;;N;}s:13:&quot;sourcesshUser&quot;;a:4:{s:5:&quot;title&quot;;s:15:&quot;source SSH User&quot;;s:5:&quot;group&quot;;s:11:&quot;source info&quot;;s:5:&quot;flags&quot;;i:169;s:5:&quot;value&quot;;N;}s:17:&quot;sourcesshAuthType&quot;;a:4:{s:5:&quot;title&quot;;s:16:&quot;source Auth Type&quot;;s:5:&quot;group&quot;;s:11:&quot;source info&quot;;s:5:&quot;flags&quot;;i:169;s:5:&quot;value&quot;;N;}s:17:&quot;sourcesshPassword&quot;;a:4:{s:5:&quot;title&quot;;s:19:&quot;source SSH Password&quot;;s:5:&quot;group&quot;;s:11:&quot;source info&quot;;s:5:&quot;flags&quot;;i:168;s:5:&quot;value&quot;;N;}s:12:&quot;sourcesshKey&quot;;a:4:{s:5:&quot;title&quot;;s:18:&quot;source Private Key&quot;;s:5:&quot;group&quot;;s:11:&quot;source info&quot;;s:5:&quot;flags&quot;;i:168;s:5:&quot;value&quot;;N;}s:19:&quot;sourcesshPassphrase&quot;;a:4:{s:5:&quot;title&quot;;s:17:&quot;source Passphrase&quot;;s:5:&quot;group&quot;;s:11:&quot;source info&quot;;s:5:&quot;flags&quot;;i:168;s:5:&quot;value&quot;;N;}s:12:&quot;targetcartId&quot;;a:5:{s:5:&quot;title&quot;;s:20:&quot;target Shopping Cart&quot;;s:5:&quot;group&quot;;s:11:&quot;target info&quot;;s:5:&quot;flags&quot;;i:1;s:7:&quot;message&quot;;s:20:&quot;Cart type is invalid&quot;;s:5:&quot;value&quot;;s:7:&quot;Shopify&quot;;}s:21:&quot;targetalreadyProvided&quot;;a:4:{s:5:&quot;title&quot;;s:28:&quot;target Data already provided&quot;;s:5:&quot;group&quot;;s:11:&quot;target info&quot;;s:5:&quot;flags&quot;;i:0;s:5:&quot;value&quot;;s:0:&quot;&quot;;}s:9:&quot;targeturl&quot;;a:4:{s:5:&quot;title&quot;;s:16:&quot;target Store URL&quot;;s:5:&quot;group&quot;;s:11:&quot;target info&quot;;s:5:&quot;flags&quot;;i:3;s:5:&quot;value&quot;;s:22:&quot;http://targdasdaet.com&quot;;}s:14:&quot;targetadminUrl&quot;;a:4:{s:5:&quot;title&quot;;s:16:&quot;target Admin URL&quot;;s:5:&quot;group&quot;;s:11:&quot;target info&quot;;s:5:&quot;flags&quot;;i:11;s:5:&quot;value&quot;;s:23:&quot;http://target.com/admin&quot;;}s:16:&quot;targetadminLogin&quot;;a:4:{s:5:&quot;title&quot;;s:18:&quot;target Admin login&quot;;s:5:&quot;group&quot;;s:11:&quot;target info&quot;;s:5:&quot;flags&quot;;i:9;s:5:&quot;value&quot;;s:4:&quot;dsad&quot;;}s:19:&quot;targetadminPassword&quot;;a:4:{s:5:&quot;title&quot;;s:21:&quot;target Admin password&quot;;s:5:&quot;group&quot;;s:11:&quot;target info&quot;;s:5:&quot;flags&quot;;i:9;s:5:&quot;value&quot;;s:4:&quot;dsad&quot;;}s:16:&quot;targetaccessType&quot;;a:4:{s:5:&quot;title&quot;;s:18:&quot;target Access Type&quot;;s:5:&quot;flags&quot;;i:32;s:5:&quot;value&quot;;s:3:&quot;ftp&quot;;s:5:&quot;group&quot;;N;}s:12:&quot;targetftpUrl&quot;;a:4:{s:5:&quot;title&quot;;s:19:&quot;target FTP Hostname&quot;;s:5:&quot;group&quot;;s:11:&quot;target info&quot;;s:5:&quot;flags&quot;;i:105;s:5:&quot;value&quot;;N;}s:14:&quot;targetftpLogin&quot;;a:4:{s:5:&quot;title&quot;;s:16:&quot;target FTP Login&quot;;s:5:&quot;group&quot;;s:11:&quot;target info&quot;;s:5:&quot;flags&quot;;i:105;s:5:&quot;value&quot;;N;}s:17:&quot;targetftpPassword&quot;;a:4:{s:5:&quot;title&quot;;s:19:&quot;target FTP Password&quot;;s:5:&quot;group&quot;;s:11:&quot;target info&quot;;s:5:&quot;flags&quot;;i:105;s:5:&quot;value&quot;;N;}s:12:&quot;targetftpDir&quot;;a:4:{s:5:&quot;title&quot;;s:20:&quot;target FTP Directory&quot;;s:5:&quot;group&quot;;s:11:&quot;target info&quot;;s:5:&quot;flags&quot;;i:104;s:5:&quot;value&quot;;N;}s:13:&quot;targetftpPort&quot;;a:4:{s:5:&quot;title&quot;;s:15:&quot;target FTP Port&quot;;s:5:&quot;group&quot;;s:11:&quot;target info&quot;;s:5:&quot;flags&quot;;i:104;s:5:&quot;value&quot;;N;}s:20:&quot;targetcpanelUserName&quot;;a:4:{s:5:&quot;title&quot;;s:15:&quot;target Username&quot;;s:5:&quot;group&quot;;s:11:&quot;target info&quot;;s:5:&quot;flags&quot;;i:297;s:5:&quot;value&quot;;N;}s:20:&quot;targetcpanelPassword&quot;;a:4:{s:5:&quot;title&quot;;s:15:&quot;target Password&quot;;s:5:&quot;group&quot;;s:11:&quot;target info&quot;;s:5:&quot;flags&quot;;i:297;s:5:&quot;value&quot;;N;}s:13:&quot;targetsshHost&quot;;a:4:{s:5:&quot;title&quot;;s:15:&quot;target SSH Host&quot;;s:5:&quot;group&quot;;s:11:&quot;target info&quot;;s:5:&quot;flags&quot;;i:169;s:5:&quot;value&quot;;N;}s:13:&quot;targetsshPort&quot;;a:4:{s:5:&quot;title&quot;;s:15:&quot;target SSH Port&quot;;s:5:&quot;group&quot;;s:11:&quot;target info&quot;;s:5:&quot;flags&quot;;i:169;s:5:&quot;value&quot;;N;}s:13:&quot;targetsshUser&quot;;a:4:{s:5:&quot;title&quot;;s:15:&quot;target SSH User&quot;;s:5:&quot;group&quot;;s:11:&quot;target info&quot;;s:5:&quot;flags&quot;;i:169;s:5:&quot;value&quot;;N;}s:17:&quot;targetsshAuthType&quot;;a:4:{s:5:&quot;title&quot;;s:16:&quot;target Auth Type&quot;;s:5:&quot;group&quot;;s:11:&quot;target info&quot;;s:5:&quot;flags&quot;;i:169;s:5:&quot;value&quot;;N;}s:17:&quot;targetsshPassword&quot;;a:4:{s:5:&quot;title&quot;;s:19:&quot;target SSH Password&quot;;s:5:&quot;group&quot;;s:11:&quot;target info&quot;;s:5:&quot;flags&quot;;i:168;s:5:&quot;value&quot;;N;}s:12:&quot;targetsshKey&quot;;a:4:{s:5:&quot;title&quot;;s:18:&quot;target Private Key&quot;;s:5:&quot;group&quot;;s:11:&quot;target info&quot;;s:5:&quot;flags&quot;;i:168;s:5:&quot;value&quot;;N;}s:19:&quot;targetsshPassphrase&quot;;a:4:{s:5:&quot;title&quot;;s:17:&quot;target Passphrase&quot;;s:5:&quot;group&quot;;s:11:&quot;target info&quot;;s:5:&quot;flags&quot;;i:168;s:5:&quot;value&quot;;N;}}}',0.02,'2022-03-30 19:08:19','10.0.3.1','N','1970-01-01 00:00:01','regular',0),(15,9,0,0.00,29,30,0,0.00,0.00,'created',NULL,NULL,0,0,'pending','N',0,0.00,'a:0:{}','a:0:{}','0','0','','',0.00,0.00,0,0,0,0,'N','',0.02,'2022-03-30 19:17:29','10.0.3.1','N','1970-01-01 00:00:01','regular',0),(16,9,0,0.00,31,32,0,0.00,0.00,'created',NULL,NULL,0,0,'pending','N',0,0.00,'a:0:{}','a:0:{}','0','0','','',0.00,0.00,0,0,0,0,'N','a:1:{s:13:&quot;package_order&quot;;a:56:{s:8:&quot;username&quot;;a:4:{s:5:&quot;title&quot;;s:4:&quot;Name&quot;;s:5:&quot;group&quot;;s:12:&quot;General Info&quot;;s:5:&quot;flags&quot;;i:1;s:5:&quot;value&quot;;s:8:&quot;Tisting &quot;;}s:8:&quot;usermail&quot;;a:4:{s:5:&quot;title&quot;;s:5:&quot;Email&quot;;s:5:&quot;group&quot;;s:12:&quot;General Info&quot;;s:5:&quot;flags&quot;;i:5;s:5:&quot;value&quot;;s:16:&quot;testing@mail.com&quot;;}s:8:&quot;ticketId&quot;;a:4:{s:5:&quot;title&quot;;s:9:&quot;Ticket ID&quot;;s:5:&quot;group&quot;;s:12:&quot;General Info&quot;;s:5:&quot;flags&quot;;i:0;s:5:&quot;value&quot;;s:0:&quot;&quot;;}s:15:&quot;servicePriority&quot;;a:4:{s:5:&quot;title&quot;;s:16:&quot;Service Priority&quot;;s:5:&quot;group&quot;;s:12:&quot;General Info&quot;;s:5:&quot;flags&quot;;i:1;s:5:&quot;value&quot;;s:33:&quot;MIGRATION_OPTION_SUPPORT_SERVICE1&quot;;}s:20:&quot;servicePriorityTitle&quot;;a:4:{s:5:&quot;title&quot;;s:16:&quot;Service Priority&quot;;s:5:&quot;group&quot;;s:12:&quot;General Info&quot;;s:5:&quot;flags&quot;;i:0;s:5:&quot;value&quot;;s:5:&quot;Basic&quot;;}s:5:&quot;price&quot;;a:4:{s:5:&quot;title&quot;;s:5:&quot;Price&quot;;s:5:&quot;group&quot;;s:12:&quot;General Info&quot;;s:5:&quot;flags&quot;;i:1;s:5:&quot;value&quot;;d:199;}s:6:&quot;coupon&quot;;a:4:{s:5:&quot;title&quot;;s:11:&quot;Coupon Code&quot;;s:5:&quot;group&quot;;s:12:&quot;General Info&quot;;s:5:&quot;flags&quot;;i:0;s:5:&quot;value&quot;;N;}s:8:&quot;entities&quot;;a:4:{s:5:&quot;title&quot;;s:8:&quot;Entities&quot;;s:5:&quot;group&quot;;s:12:&quot;General Info&quot;;s:5:&quot;flags&quot;;i:0;s:5:&quot;value&quot;;s:35:&quot;Products, Categories, Manufacturers&quot;;}s:7:&quot;options&quot;;a:4:{s:5:&quot;title&quot;;s:18:&quot;Additional Options&quot;;s:5:&quot;group&quot;;s:12:&quot;General Info&quot;;s:5:&quot;flags&quot;;i:0;s:5:&quot;value&quot;;s:0:&quot;&quot;;}s:8:&quot;comments&quot;;a:4:{s:5:&quot;title&quot;;s:13:&quot;User comments&quot;;s:5:&quot;group&quot;;s:10:&quot;Additional&quot;;s:5:&quot;flags&quot;;i:0;s:5:&quot;value&quot;;s:0:&quot;&quot;;}s:11:&quot;migrationId&quot;;a:4:{s:5:&quot;title&quot;;s:12:&quot;Migration Id&quot;;s:5:&quot;group&quot;;s:10:&quot;Additional&quot;;s:5:&quot;flags&quot;;i:0;s:5:&quot;value&quot;;s:2:&quot;16&quot;;}s:14:&quot;kayakoTicketId&quot;;a:4:{s:5:&quot;title&quot;;s:17:&quot;Zendesk Ticket Id&quot;;s:5:&quot;group&quot;;s:10:&quot;Additional&quot;;s:5:&quot;flags&quot;;i:0;s:5:&quot;value&quot;;N;}s:12:&quot;jiraReporter&quot;;a:4:{s:5:&quot;title&quot;;s:13:&quot;Jira Reporter&quot;;s:5:&quot;group&quot;;s:10:&quot;Additional&quot;;s:5:&quot;flags&quot;;i:0;s:5:&quot;value&quot;;N;}s:7:&quot;orderId&quot;;a:4:{s:5:&quot;title&quot;;s:8:&quot;Order id&quot;;s:5:&quot;group&quot;;s:10:&quot;Additional&quot;;s:5:&quot;flags&quot;;i:0;s:5:&quot;value&quot;;N;}s:12:&quot;sourcecartId&quot;;a:5:{s:5:&quot;title&quot;;s:20:&quot;source Shopping Cart&quot;;s:5:&quot;group&quot;;s:11:&quot;source info&quot;;s:5:&quot;flags&quot;;i:1;s:7:&quot;message&quot;;s:20:&quot;Cart type is invalid&quot;;s:5:&quot;value&quot;;s:9:&quot;File2Cart&quot;;}s:21:&quot;sourcealreadyProvided&quot;;a:4:{s:5:&quot;title&quot;;s:28:&quot;source Data already provided&quot;;s:5:&quot;group&quot;;s:11:&quot;source info&quot;;s:5:&quot;flags&quot;;i:0;s:5:&quot;value&quot;;s:0:&quot;&quot;;}s:9:&quot;sourceurl&quot;;a:4:{s:5:&quot;title&quot;;s:16:&quot;source Store URL&quot;;s:5:&quot;group&quot;;s:11:&quot;source info&quot;;s:5:&quot;flags&quot;;i:3;s:5:&quot;value&quot;;s:18:&quot;http://fdfdsfs.com&quot;;}s:14:&quot;sourceadminUrl&quot;;a:4:{s:5:&quot;title&quot;;s:16:&quot;source Admin URL&quot;;s:5:&quot;group&quot;;s:11:&quot;source info&quot;;s:5:&quot;flags&quot;;i:11;s:5:&quot;value&quot;;s:23:&quot;http://target.com/dasda&quot;;}s:16:&quot;sourceadminLogin&quot;;a:4:{s:5:&quot;title&quot;;s:18:&quot;source Admin login&quot;;s:5:&quot;group&quot;;s:11:&quot;source info&quot;;s:5:&quot;flags&quot;;i:9;s:5:&quot;value&quot;;s:4:&quot;dasd&quot;;}s:19:&quot;sourceadminPassword&quot;;a:4:{s:5:&quot;title&quot;;s:21:&quot;source Admin password&quot;;s:5:&quot;group&quot;;s:11:&quot;source info&quot;;s:5:&quot;flags&quot;;i:9;s:5:&quot;value&quot;;s:5:&quot;dsada&quot;;}s:16:&quot;sourceaccessType&quot;;a:4:{s:5:&quot;title&quot;;s:18:&quot;source Access Type&quot;;s:5:&quot;flags&quot;;i:32;s:5:&quot;value&quot;;s:3:&quot;ftp&quot;;s:5:&quot;group&quot;;N;}s:12:&quot;sourceftpUrl&quot;;a:4:{s:5:&quot;title&quot;;s:19:&quot;source FTP Hostname&quot;;s:5:&quot;group&quot;;s:11:&quot;source info&quot;;s:5:&quot;flags&quot;;i:105;s:5:&quot;value&quot;;N;}s:14:&quot;sourceftpLogin&quot;;a:4:{s:5:&quot;title&quot;;s:16:&quot;source FTP Login&quot;;s:5:&quot;group&quot;;s:11:&quot;source info&quot;;s:5:&quot;flags&quot;;i:105;s:5:&quot;value&quot;;N;}s:17:&quot;sourceftpPassword&quot;;a:4:{s:5:&quot;title&quot;;s:19:&quot;source FTP Password&quot;;s:5:&quot;group&quot;;s:11:&quot;source info&quot;;s:5:&quot;flags&quot;;i:105;s:5:&quot;value&quot;;N;}s:12:&quot;sourceftpDir&quot;;a:4:{s:5:&quot;title&quot;;s:20:&quot;source FTP Directory&quot;;s:5:&quot;group&quot;;s:11:&quot;source info&quot;;s:5:&quot;flags&quot;;i:104;s:5:&quot;value&quot;;N;}s:13:&quot;sourceftpPort&quot;;a:4:{s:5:&quot;title&quot;;s:15:&quot;source FTP Port&quot;;s:5:&quot;group&quot;;s:11:&quot;source info&quot;;s:5:&quot;flags&quot;;i:104;s:5:&quot;value&quot;;N;}s:20:&quot;sourcecpanelUserName&quot;;a:4:{s:5:&quot;title&quot;;s:15:&quot;source Username&quot;;s:5:&quot;group&quot;;s:11:&quot;source info&quot;;s:5:&quot;flags&quot;;i:297;s:5:&quot;value&quot;;N;}s:20:&quot;sourcecpanelPassword&quot;;a:4:{s:5:&quot;title&quot;;s:15:&quot;source Password&quot;;s:5:&quot;group&quot;;s:11:&quot;source info&quot;;s:5:&quot;flags&quot;;i:297;s:5:&quot;value&quot;;N;}s:13:&quot;sourcesshHost&quot;;a:4:{s:5:&quot;title&quot;;s:15:&quot;source SSH Host&quot;;s:5:&quot;group&quot;;s:11:&quot;source info&quot;;s:5:&quot;flags&quot;;i:169;s:5:&quot;value&quot;;N;}s:13:&quot;sourcesshPort&quot;;a:4:{s:5:&quot;title&quot;;s:15:&quot;source SSH Port&quot;;s:5:&quot;group&quot;;s:11:&quot;source info&quot;;s:5:&quot;flags&quot;;i:169;s:5:&quot;value&quot;;N;}s:13:&quot;sourcesshUser&quot;;a:4:{s:5:&quot;title&quot;;s:15:&quot;source SSH User&quot;;s:5:&quot;group&quot;;s:11:&quot;source info&quot;;s:5:&quot;flags&quot;;i:169;s:5:&quot;value&quot;;N;}s:17:&quot;sourcesshAuthType&quot;;a:4:{s:5:&quot;title&quot;;s:16:&quot;source Auth Type&quot;;s:5:&quot;group&quot;;s:11:&quot;source info&quot;;s:5:&quot;flags&quot;;i:169;s:5:&quot;value&quot;;N;}s:17:&quot;sourcesshPassword&quot;;a:4:{s:5:&quot;title&quot;;s:19:&quot;source SSH Password&quot;;s:5:&quot;group&quot;;s:11:&quot;source info&quot;;s:5:&quot;flags&quot;;i:168;s:5:&quot;value&quot;;N;}s:12:&quot;sourcesshKey&quot;;a:4:{s:5:&quot;title&quot;;s:18:&quot;source Private Key&quot;;s:5:&quot;group&quot;;s:11:&quot;source info&quot;;s:5:&quot;flags&quot;;i:168;s:5:&quot;value&quot;;N;}s:19:&quot;sourcesshPassphrase&quot;;a:4:{s:5:&quot;title&quot;;s:17:&quot;source Passphrase&quot;;s:5:&quot;group&quot;;s:11:&quot;source info&quot;;s:5:&quot;flags&quot;;i:168;s:5:&quot;value&quot;;N;}s:12:&quot;targetcartId&quot;;a:5:{s:5:&quot;title&quot;;s:20:&quot;target Shopping Cart&quot;;s:5:&quot;group&quot;;s:11:&quot;target info&quot;;s:5:&quot;flags&quot;;i:1;s:7:&quot;message&quot;;s:20:&quot;Cart type is invalid&quot;;s:5:&quot;value&quot;;s:7:&quot;Shopify&quot;;}s:21:&quot;targetalreadyProvided&quot;;a:4:{s:5:&quot;title&quot;;s:28:&quot;target Data already provided&quot;;s:5:&quot;group&quot;;s:11:&quot;target info&quot;;s:5:&quot;flags&quot;;i:0;s:5:&quot;value&quot;;s:0:&quot;&quot;;}s:9:&quot;targeturl&quot;;a:4:{s:5:&quot;title&quot;;s:16:&quot;target Store URL&quot;;s:5:&quot;group&quot;;s:11:&quot;target info&quot;;s:5:&quot;flags&quot;;i:3;s:5:&quot;value&quot;;s:22:&quot;http://targdasdaet.com&quot;;}s:14:&quot;targetadminUrl&quot;;a:4:{s:5:&quot;title&quot;;s:16:&quot;target Admin URL&quot;;s:5:&quot;group&quot;;s:11:&quot;target info&quot;;s:5:&quot;flags&quot;;i:11;s:5:&quot;value&quot;;s:23:&quot;http://target.com/admin&quot;;}s:16:&quot;targetadminLogin&quot;;a:4:{s:5:&quot;title&quot;;s:18:&quot;target Admin login&quot;;s:5:&quot;group&quot;;s:11:&quot;target info&quot;;s:5:&quot;flags&quot;;i:9;s:5:&quot;value&quot;;s:5:&quot;dsada&quot;;}s:19:&quot;targetadminPassword&quot;;a:4:{s:5:&quot;title&quot;;s:21:&quot;target Admin password&quot;;s:5:&quot;group&quot;;s:11:&quot;target info&quot;;s:5:&quot;flags&quot;;i:9;s:5:&quot;value&quot;;s:5:&quot;dsada&quot;;}s:16:&quot;targetaccessType&quot;;a:4:{s:5:&quot;title&quot;;s:18:&quot;target Access Type&quot;;s:5:&quot;flags&quot;;i:32;s:5:&quot;value&quot;;s:3:&quot;ftp&quot;;s:5:&quot;group&quot;;N;}s:12:&quot;targetftpUrl&quot;;a:4:{s:5:&quot;title&quot;;s:19:&quot;target FTP Hostname&quot;;s:5:&quot;group&quot;;s:11:&quot;target info&quot;;s:5:&quot;flags&quot;;i:105;s:5:&quot;value&quot;;N;}s:14:&quot;targetftpLogin&quot;;a:4:{s:5:&quot;title&quot;;s:16:&quot;target FTP Login&quot;;s:5:&quot;group&quot;;s:11:&quot;target info&quot;;s:5:&quot;flags&quot;;i:105;s:5:&quot;value&quot;;N;}s:17:&quot;targetftpPassword&quot;;a:4:{s:5:&quot;title&quot;;s:19:&quot;target FTP Password&quot;;s:5:&quot;group&quot;;s:11:&quot;target info&quot;;s:5:&quot;flags&quot;;i:105;s:5:&quot;value&quot;;N;}s:12:&quot;targetftpDir&quot;;a:4:{s:5:&quot;title&quot;;s:20:&quot;target FTP Directory&quot;;s:5:&quot;group&quot;;s:11:&quot;target info&quot;;s:5:&quot;flags&quot;;i:104;s:5:&quot;value&quot;;N;}s:13:&quot;targetftpPort&quot;;a:4:{s:5:&quot;title&quot;;s:15:&quot;target FTP Port&quot;;s:5:&quot;group&quot;;s:11:&quot;target info&quot;;s:5:&quot;flags&quot;;i:104;s:5:&quot;value&quot;;N;}s:20:&quot;targetcpanelUserName&quot;;a:4:{s:5:&quot;title&quot;;s:15:&quot;target Username&quot;;s:5:&quot;group&quot;;s:11:&quot;target info&quot;;s:5:&quot;flags&quot;;i:297;s:5:&quot;value&quot;;N;}s:20:&quot;targetcpanelPassword&quot;;a:4:{s:5:&quot;title&quot;;s:15:&quot;target Password&quot;;s:5:&quot;group&quot;;s:11:&quot;target info&quot;;s:5:&quot;flags&quot;;i:297;s:5:&quot;value&quot;;N;}s:13:&quot;targetsshHost&quot;;a:4:{s:5:&quot;title&quot;;s:15:&quot;target SSH Host&quot;;s:5:&quot;group&quot;;s:11:&quot;target info&quot;;s:5:&quot;flags&quot;;i:169;s:5:&quot;value&quot;;N;}s:13:&quot;targetsshPort&quot;;a:4:{s:5:&quot;title&quot;;s:15:&quot;target SSH Port&quot;;s:5:&quot;group&quot;;s:11:&quot;target info&quot;;s:5:&quot;flags&quot;;i:169;s:5:&quot;value&quot;;N;}s:13:&quot;targetsshUser&quot;;a:4:{s:5:&quot;title&quot;;s:15:&quot;target SSH User&quot;;s:5:&quot;group&quot;;s:11:&quot;target info&quot;;s:5:&quot;flags&quot;;i:169;s:5:&quot;value&quot;;N;}s:17:&quot;targetsshAuthType&quot;;a:4:{s:5:&quot;title&quot;;s:16:&quot;target Auth Type&quot;;s:5:&quot;group&quot;;s:11:&quot;target info&quot;;s:5:&quot;flags&quot;;i:169;s:5:&quot;value&quot;;N;}s:17:&quot;targetsshPassword&quot;;a:4:{s:5:&quot;title&quot;;s:19:&quot;target SSH Password&quot;;s:5:&quot;group&quot;;s:11:&quot;target info&quot;;s:5:&quot;flags&quot;;i:168;s:5:&quot;value&quot;;N;}s:12:&quot;targetsshKey&quot;;a:4:{s:5:&quot;title&quot;;s:18:&quot;target Private Key&quot;;s:5:&quot;group&quot;;s:11:&quot;target info&quot;;s:5:&quot;flags&quot;;i:168;s:5:&quot;value&quot;;N;}s:19:&quot;targetsshPassphrase&quot;;a:4:{s:5:&quot;title&quot;;s:17:&quot;target Passphrase&quot;;s:5:&quot;group&quot;;s:11:&quot;target info&quot;;s:5:&quot;flags&quot;;i:168;s:5:&quot;value&quot;;N;}}}',0.02,'2022-03-30 19:57:48','10.0.3.1','N','1970-01-01 00:00:01','regular',0),(17,9,0,0.00,33,34,0,0.00,0.00,'created',NULL,NULL,0,0,'pending','N',0,0.00,'a:0:{}','a:0:{}','0','0','','',0.00,0.00,0,0,0,0,'N','a:1:{s:13:&quot;package_order&quot;;a:56:{s:8:&quot;username&quot;;a:4:{s:5:&quot;title&quot;;s:4:&quot;Name&quot;;s:5:&quot;group&quot;;s:12:&quot;General Info&quot;;s:5:&quot;flags&quot;;i:1;s:5:&quot;value&quot;;s:8:&quot;Tisting &quot;;}s:8:&quot;usermail&quot;;a:4:{s:5:&quot;title&quot;;s:5:&quot;Email&quot;;s:5:&quot;group&quot;;s:12:&quot;General Info&quot;;s:5:&quot;flags&quot;;i:5;s:5:&quot;value&quot;;s:16:&quot;testing@mail.com&quot;;}s:8:&quot;ticketId&quot;;a:4:{s:5:&quot;title&quot;;s:9:&quot;Ticket ID&quot;;s:5:&quot;group&quot;;s:12:&quot;General Info&quot;;s:5:&quot;flags&quot;;i:0;s:5:&quot;value&quot;;s:0:&quot;&quot;;}s:15:&quot;servicePriority&quot;;a:4:{s:5:&quot;title&quot;;s:16:&quot;Service Priority&quot;;s:5:&quot;group&quot;;s:12:&quot;General Info&quot;;s:5:&quot;flags&quot;;i:1;s:5:&quot;value&quot;;s:33:&quot;MIGRATION_OPTION_SUPPORT_SERVICE1&quot;;}s:20:&quot;servicePriorityTitle&quot;;a:4:{s:5:&quot;title&quot;;s:16:&quot;Service Priority&quot;;s:5:&quot;group&quot;;s:12:&quot;General Info&quot;;s:5:&quot;flags&quot;;i:0;s:5:&quot;value&quot;;s:5:&quot;Basic&quot;;}s:5:&quot;price&quot;;a:4:{s:5:&quot;title&quot;;s:5:&quot;Price&quot;;s:5:&quot;group&quot;;s:12:&quot;General Info&quot;;s:5:&quot;flags&quot;;i:1;s:5:&quot;value&quot;;d:199;}s:6:&quot;coupon&quot;;a:4:{s:5:&quot;title&quot;;s:11:&quot;Coupon Code&quot;;s:5:&quot;group&quot;;s:12:&quot;General Info&quot;;s:5:&quot;flags&quot;;i:0;s:5:&quot;value&quot;;N;}s:8:&quot;entities&quot;;a:4:{s:5:&quot;title&quot;;s:8:&quot;Entities&quot;;s:5:&quot;group&quot;;s:12:&quot;General Info&quot;;s:5:&quot;flags&quot;;i:0;s:5:&quot;value&quot;;s:35:&quot;Products, Categories, Manufacturers&quot;;}s:7:&quot;options&quot;;a:4:{s:5:&quot;title&quot;;s:18:&quot;Additional Options&quot;;s:5:&quot;group&quot;;s:12:&quot;General Info&quot;;s:5:&quot;flags&quot;;i:0;s:5:&quot;value&quot;;s:0:&quot;&quot;;}s:8:&quot;comments&quot;;a:4:{s:5:&quot;title&quot;;s:13:&quot;User comments&quot;;s:5:&quot;group&quot;;s:10:&quot;Additional&quot;;s:5:&quot;flags&quot;;i:0;s:5:&quot;value&quot;;s:0:&quot;&quot;;}s:11:&quot;migrationId&quot;;a:4:{s:5:&quot;title&quot;;s:12:&quot;Migration Id&quot;;s:5:&quot;group&quot;;s:10:&quot;Additional&quot;;s:5:&quot;flags&quot;;i:0;s:5:&quot;value&quot;;s:2:&quot;17&quot;;}s:14:&quot;kayakoTicketId&quot;;a:4:{s:5:&quot;title&quot;;s:17:&quot;Zendesk Ticket Id&quot;;s:5:&quot;group&quot;;s:10:&quot;Additional&quot;;s:5:&quot;flags&quot;;i:0;s:5:&quot;value&quot;;N;}s:12:&quot;jiraReporter&quot;;a:4:{s:5:&quot;title&quot;;s:13:&quot;Jira Reporter&quot;;s:5:&quot;group&quot;;s:10:&quot;Additional&quot;;s:5:&quot;flags&quot;;i:0;s:5:&quot;value&quot;;N;}s:7:&quot;orderId&quot;;a:4:{s:5:&quot;title&quot;;s:8:&quot;Order id&quot;;s:5:&quot;group&quot;;s:10:&quot;Additional&quot;;s:5:&quot;flags&quot;;i:0;s:5:&quot;value&quot;;N;}s:12:&quot;sourcecartId&quot;;a:5:{s:5:&quot;title&quot;;s:20:&quot;source Shopping Cart&quot;;s:5:&quot;group&quot;;s:11:&quot;source info&quot;;s:5:&quot;flags&quot;;i:1;s:7:&quot;message&quot;;s:20:&quot;Cart type is invalid&quot;;s:5:&quot;value&quot;;s:9:&quot;File2Cart&quot;;}s:21:&quot;sourcealreadyProvided&quot;;a:4:{s:5:&quot;title&quot;;s:28:&quot;source Data already provided&quot;;s:5:&quot;group&quot;;s:11:&quot;source info&quot;;s:5:&quot;flags&quot;;i:0;s:5:&quot;value&quot;;s:0:&quot;&quot;;}s:9:&quot;sourceurl&quot;;a:4:{s:5:&quot;title&quot;;s:16:&quot;source Store URL&quot;;s:5:&quot;group&quot;;s:11:&quot;source info&quot;;s:5:&quot;flags&quot;;i:3;s:5:&quot;value&quot;;s:18:&quot;http://fdfdsfs.com&quot;;}s:14:&quot;sourceadminUrl&quot;;a:4:{s:5:&quot;title&quot;;s:16:&quot;source Admin URL&quot;;s:5:&quot;group&quot;;s:11:&quot;source info&quot;;s:5:&quot;flags&quot;;i:11;s:5:&quot;value&quot;;s:23:&quot;http://target.com/dasda&quot;;}s:16:&quot;sourceadminLogin&quot;;a:4:{s:5:&quot;title&quot;;s:18:&quot;source Admin login&quot;;s:5:&quot;group&quot;;s:11:&quot;source info&quot;;s:5:&quot;flags&quot;;i:9;s:5:&quot;value&quot;;s:13:&quot;dasdasdasddas&quot;;}s:19:&quot;sourceadminPassword&quot;;a:4:{s:5:&quot;title&quot;;s:21:&quot;source Admin password&quot;;s:5:&quot;group&quot;;s:11:&quot;source info&quot;;s:5:&quot;flags&quot;;i:9;s:5:&quot;value&quot;;s:4:&quot;dsad&quot;;}s:16:&quot;sourceaccessType&quot;;a:4:{s:5:&quot;title&quot;;s:18:&quot;source Access Type&quot;;s:5:&quot;flags&quot;;i:32;s:5:&quot;value&quot;;s:3:&quot;ftp&quot;;s:5:&quot;group&quot;;N;}s:12:&quot;sourceftpUrl&quot;;a:4:{s:5:&quot;title&quot;;s:19:&quot;source FTP Hostname&quot;;s:5:&quot;group&quot;;s:11:&quot;source info&quot;;s:5:&quot;flags&quot;;i:105;s:5:&quot;value&quot;;N;}s:14:&quot;sourceftpLogin&quot;;a:4:{s:5:&quot;title&quot;;s:16:&quot;source FTP Login&quot;;s:5:&quot;group&quot;;s:11:&quot;source info&quot;;s:5:&quot;flags&quot;;i:105;s:5:&quot;value&quot;;N;}s:17:&quot;sourceftpPassword&quot;;a:4:{s:5:&quot;title&quot;;s:19:&quot;source FTP Password&quot;;s:5:&quot;group&quot;;s:11:&quot;source info&quot;;s:5:&quot;flags&quot;;i:105;s:5:&quot;value&quot;;N;}s:12:&quot;sourceftpDir&quot;;a:4:{s:5:&quot;title&quot;;s:20:&quot;source FTP Directory&quot;;s:5:&quot;group&quot;;s:11:&quot;source info&quot;;s:5:&quot;flags&quot;;i:104;s:5:&quot;value&quot;;N;}s:13:&quot;sourceftpPort&quot;;a:4:{s:5:&quot;title&quot;;s:15:&quot;source FTP Port&quot;;s:5:&quot;group&quot;;s:11:&quot;source info&quot;;s:5:&quot;flags&quot;;i:104;s:5:&quot;value&quot;;N;}s:20:&quot;sourcecpanelUserName&quot;;a:4:{s:5:&quot;title&quot;;s:15:&quot;source Username&quot;;s:5:&quot;group&quot;;s:11:&quot;source info&quot;;s:5:&quot;flags&quot;;i:297;s:5:&quot;value&quot;;N;}s:20:&quot;sourcecpanelPassword&quot;;a:4:{s:5:&quot;title&quot;;s:15:&quot;source Password&quot;;s:5:&quot;group&quot;;s:11:&quot;source info&quot;;s:5:&quot;flags&quot;;i:297;s:5:&quot;value&quot;;N;}s:13:&quot;sourcesshHost&quot;;a:4:{s:5:&quot;title&quot;;s:15:&quot;source SSH Host&quot;;s:5:&quot;group&quot;;s:11:&quot;source info&quot;;s:5:&quot;flags&quot;;i:169;s:5:&quot;value&quot;;N;}s:13:&quot;sourcesshPort&quot;;a:4:{s:5:&quot;title&quot;;s:15:&quot;source SSH Port&quot;;s:5:&quot;group&quot;;s:11:&quot;source info&quot;;s:5:&quot;flags&quot;;i:169;s:5:&quot;value&quot;;N;}s:13:&quot;sourcesshUser&quot;;a:4:{s:5:&quot;title&quot;;s:15:&quot;source SSH User&quot;;s:5:&quot;group&quot;;s:11:&quot;source info&quot;;s:5:&quot;flags&quot;;i:169;s:5:&quot;value&quot;;N;}s:17:&quot;sourcesshAuthType&quot;;a:4:{s:5:&quot;title&quot;;s:16:&quot;source Auth Type&quot;;s:5:&quot;group&quot;;s:11:&quot;source info&quot;;s:5:&quot;flags&quot;;i:169;s:5:&quot;value&quot;;N;}s:17:&quot;sourcesshPassword&quot;;a:4:{s:5:&quot;title&quot;;s:19:&quot;source SSH Password&quot;;s:5:&quot;group&quot;;s:11:&quot;source info&quot;;s:5:&quot;flags&quot;;i:168;s:5:&quot;value&quot;;N;}s:12:&quot;sourcesshKey&quot;;a:4:{s:5:&quot;title&quot;;s:18:&quot;source Private Key&quot;;s:5:&quot;group&quot;;s:11:&quot;source info&quot;;s:5:&quot;flags&quot;;i:168;s:5:&quot;value&quot;;N;}s:19:&quot;sourcesshPassphrase&quot;;a:4:{s:5:&quot;title&quot;;s:17:&quot;source Passphrase&quot;;s:5:&quot;group&quot;;s:11:&quot;source info&quot;;s:5:&quot;flags&quot;;i:168;s:5:&quot;value&quot;;N;}s:12:&quot;targetcartId&quot;;a:5:{s:5:&quot;title&quot;;s:20:&quot;target Shopping Cart&quot;;s:5:&quot;group&quot;;s:11:&quot;target info&quot;;s:5:&quot;flags&quot;;i:1;s:7:&quot;message&quot;;s:20:&quot;Cart type is invalid&quot;;s:5:&quot;value&quot;;s:7:&quot;Shopify&quot;;}s:21:&quot;targetalreadyProvided&quot;;a:4:{s:5:&quot;title&quot;;s:28:&quot;target Data already provided&quot;;s:5:&quot;group&quot;;s:11:&quot;target info&quot;;s:5:&quot;flags&quot;;i:0;s:5:&quot;value&quot;;s:0:&quot;&quot;;}s:9:&quot;targeturl&quot;;a:4:{s:5:&quot;title&quot;;s:16:&quot;target Store URL&quot;;s:5:&quot;group&quot;;s:11:&quot;target info&quot;;s:5:&quot;flags&quot;;i:3;s:5:&quot;value&quot;;s:22:&quot;http://targdasdaet.com&quot;;}s:14:&quot;targetadminUrl&quot;;a:4:{s:5:&quot;title&quot;;s:16:&quot;target Admin URL&quot;;s:5:&quot;group&quot;;s:11:&quot;target info&quot;;s:5:&quot;flags&quot;;i:11;s:5:&quot;value&quot;;s:23:&quot;http://target.com/admin&quot;;}s:16:&quot;targetadminLogin&quot;;a:4:{s:5:&quot;title&quot;;s:18:&quot;target Admin login&quot;;s:5:&quot;group&quot;;s:11:&quot;target info&quot;;s:5:&quot;flags&quot;;i:9;s:5:&quot;value&quot;;s:6:&quot;dsadaa&quot;;}s:19:&quot;targetadminPassword&quot;;a:4:{s:5:&quot;title&quot;;s:21:&quot;target Admin password&quot;;s:5:&quot;group&quot;;s:11:&quot;target info&quot;;s:5:&quot;flags&quot;;i:9;s:5:&quot;value&quot;;s:5:&quot;dasda&quot;;}s:16:&quot;targetaccessType&quot;;a:4:{s:5:&quot;title&quot;;s:18:&quot;target Access Type&quot;;s:5:&quot;flags&quot;;i:32;s:5:&quot;value&quot;;s:3:&quot;ftp&quot;;s:5:&quot;group&quot;;N;}s:12:&quot;targetftpUrl&quot;;a:4:{s:5:&quot;title&quot;;s:19:&quot;target FTP Hostname&quot;;s:5:&quot;group&quot;;s:11:&quot;target info&quot;;s:5:&quot;flags&quot;;i:105;s:5:&quot;value&quot;;N;}s:14:&quot;targetftpLogin&quot;;a:4:{s:5:&quot;title&quot;;s:16:&quot;target FTP Login&quot;;s:5:&quot;group&quot;;s:11:&quot;target info&quot;;s:5:&quot;flags&quot;;i:105;s:5:&quot;value&quot;;N;}s:17:&quot;targetftpPassword&quot;;a:4:{s:5:&quot;title&quot;;s:19:&quot;target FTP Password&quot;;s:5:&quot;group&quot;;s:11:&quot;target info&quot;;s:5:&quot;flags&quot;;i:105;s:5:&quot;value&quot;;N;}s:12:&quot;targetftpDir&quot;;a:4:{s:5:&quot;title&quot;;s:20:&quot;target FTP Directory&quot;;s:5:&quot;group&quot;;s:11:&quot;target info&quot;;s:5:&quot;flags&quot;;i:104;s:5:&quot;value&quot;;N;}s:13:&quot;targetftpPort&quot;;a:4:{s:5:&quot;title&quot;;s:15:&quot;target FTP Port&quot;;s:5:&quot;group&quot;;s:11:&quot;target info&quot;;s:5:&quot;flags&quot;;i:104;s:5:&quot;value&quot;;N;}s:20:&quot;targetcpanelUserName&quot;;a:4:{s:5:&quot;title&quot;;s:15:&quot;target Username&quot;;s:5:&quot;group&quot;;s:11:&quot;target info&quot;;s:5:&quot;flags&quot;;i:297;s:5:&quot;value&quot;;N;}s:20:&quot;targetcpanelPassword&quot;;a:4:{s:5:&quot;title&quot;;s:15:&quot;target Password&quot;;s:5:&quot;group&quot;;s:11:&quot;target info&quot;;s:5:&quot;flags&quot;;i:297;s:5:&quot;value&quot;;N;}s:13:&quot;targetsshHost&quot;;a:4:{s:5:&quot;title&quot;;s:15:&quot;target SSH Host&quot;;s:5:&quot;group&quot;;s:11:&quot;target info&quot;;s:5:&quot;flags&quot;;i:169;s:5:&quot;value&quot;;N;}s:13:&quot;targetsshPort&quot;;a:4:{s:5:&quot;title&quot;;s:15:&quot;target SSH Port&quot;;s:5:&quot;group&quot;;s:11:&quot;target info&quot;;s:5:&quot;flags&quot;;i:169;s:5:&quot;value&quot;;N;}s:13:&quot;targetsshUser&quot;;a:4:{s:5:&quot;title&quot;;s:15:&quot;target SSH User&quot;;s:5:&quot;group&quot;;s:11:&quot;target info&quot;;s:5:&quot;flags&quot;;i:169;s:5:&quot;value&quot;;N;}s:17:&quot;targetsshAuthType&quot;;a:4:{s:5:&quot;title&quot;;s:16:&quot;target Auth Type&quot;;s:5:&quot;group&quot;;s:11:&quot;target info&quot;;s:5:&quot;flags&quot;;i:169;s:5:&quot;value&quot;;N;}s:17:&quot;targetsshPassword&quot;;a:4:{s:5:&quot;title&quot;;s:19:&quot;target SSH Password&quot;;s:5:&quot;group&quot;;s:11:&quot;target info&quot;;s:5:&quot;flags&quot;;i:168;s:5:&quot;value&quot;;N;}s:12:&quot;targetsshKey&quot;;a:4:{s:5:&quot;title&quot;;s:18:&quot;target Private Key&quot;;s:5:&quot;group&quot;;s:11:&quot;target info&quot;;s:5:&quot;flags&quot;;i:168;s:5:&quot;value&quot;;N;}s:19:&quot;targetsshPassphrase&quot;;a:4:{s:5:&quot;title&quot;;s:17:&quot;target Passphrase&quot;;s:5:&quot;group&quot;;s:11:&quot;target info&quot;;s:5:&quot;flags&quot;;i:168;s:5:&quot;value&quot;;N;}}}',0.02,'2022-03-30 20:09:58','10.0.3.1','N','1970-01-01 00:00:01','regular',0),(18,9,0,0.00,35,36,0,0.00,0.00,'created',NULL,NULL,0,0,'pending','N',0,0.00,'a:0:{}','a:0:{}','0','0','','',0.00,0.00,0,0,0,0,'N','a:1:{s:13:&quot;package_order&quot;;a:56:{s:8:&quot;username&quot;;a:4:{s:5:&quot;title&quot;;s:4:&quot;Name&quot;;s:5:&quot;group&quot;;s:12:&quot;General Info&quot;;s:5:&quot;flags&quot;;i:1;s:5:&quot;value&quot;;s:8:&quot;Tisting &quot;;}s:8:&quot;usermail&quot;;a:4:{s:5:&quot;title&quot;;s:5:&quot;Email&quot;;s:5:&quot;group&quot;;s:12:&quot;General Info&quot;;s:5:&quot;flags&quot;;i:5;s:5:&quot;value&quot;;s:16:&quot;testing@mail.com&quot;;}s:8:&quot;ticketId&quot;;a:4:{s:5:&quot;title&quot;;s:9:&quot;Ticket ID&quot;;s:5:&quot;group&quot;;s:12:&quot;General Info&quot;;s:5:&quot;flags&quot;;i:0;s:5:&quot;value&quot;;s:0:&quot;&quot;;}s:15:&quot;servicePriority&quot;;a:4:{s:5:&quot;title&quot;;s:16:&quot;Service Priority&quot;;s:5:&quot;group&quot;;s:12:&quot;General Info&quot;;s:5:&quot;flags&quot;;i:1;s:5:&quot;value&quot;;s:33:&quot;MIGRATION_OPTION_SUPPORT_SERVICE1&quot;;}s:20:&quot;servicePriorityTitle&quot;;a:4:{s:5:&quot;title&quot;;s:16:&quot;Service Priority&quot;;s:5:&quot;group&quot;;s:12:&quot;General Info&quot;;s:5:&quot;flags&quot;;i:0;s:5:&quot;value&quot;;s:5:&quot;Basic&quot;;}s:5:&quot;price&quot;;a:4:{s:5:&quot;title&quot;;s:5:&quot;Price&quot;;s:5:&quot;group&quot;;s:12:&quot;General Info&quot;;s:5:&quot;flags&quot;;i:1;s:5:&quot;value&quot;;d:199;}s:6:&quot;coupon&quot;;a:4:{s:5:&quot;title&quot;;s:11:&quot;Coupon Code&quot;;s:5:&quot;group&quot;;s:12:&quot;General Info&quot;;s:5:&quot;flags&quot;;i:0;s:5:&quot;value&quot;;N;}s:8:&quot;entities&quot;;a:4:{s:5:&quot;title&quot;;s:8:&quot;Entities&quot;;s:5:&quot;group&quot;;s:12:&quot;General Info&quot;;s:5:&quot;flags&quot;;i:0;s:5:&quot;value&quot;;s:35:&quot;Products, Categories, Manufacturers&quot;;}s:7:&quot;options&quot;;a:4:{s:5:&quot;title&quot;;s:18:&quot;Additional Options&quot;;s:5:&quot;group&quot;;s:12:&quot;General Info&quot;;s:5:&quot;flags&quot;;i:0;s:5:&quot;value&quot;;s:0:&quot;&quot;;}s:8:&quot;comments&quot;;a:4:{s:5:&quot;title&quot;;s:13:&quot;User comments&quot;;s:5:&quot;group&quot;;s:10:&quot;Additional&quot;;s:5:&quot;flags&quot;;i:0;s:5:&quot;value&quot;;s:0:&quot;&quot;;}s:11:&quot;migrationId&quot;;a:4:{s:5:&quot;title&quot;;s:12:&quot;Migration Id&quot;;s:5:&quot;group&quot;;s:10:&quot;Additional&quot;;s:5:&quot;flags&quot;;i:0;s:5:&quot;value&quot;;s:2:&quot;18&quot;;}s:14:&quot;kayakoTicketId&quot;;a:4:{s:5:&quot;title&quot;;s:17:&quot;Zendesk Ticket Id&quot;;s:5:&quot;group&quot;;s:10:&quot;Additional&quot;;s:5:&quot;flags&quot;;i:0;s:5:&quot;value&quot;;N;}s:12:&quot;jiraReporter&quot;;a:4:{s:5:&quot;title&quot;;s:13:&quot;Jira Reporter&quot;;s:5:&quot;group&quot;;s:10:&quot;Additional&quot;;s:5:&quot;flags&quot;;i:0;s:5:&quot;value&quot;;N;}s:7:&quot;orderId&quot;;a:4:{s:5:&quot;title&quot;;s:8:&quot;Order id&quot;;s:5:&quot;group&quot;;s:10:&quot;Additional&quot;;s:5:&quot;flags&quot;;i:0;s:5:&quot;value&quot;;N;}s:12:&quot;sourcecartId&quot;;a:5:{s:5:&quot;title&quot;;s:20:&quot;source Shopping Cart&quot;;s:5:&quot;group&quot;;s:11:&quot;source info&quot;;s:5:&quot;flags&quot;;i:1;s:7:&quot;message&quot;;s:20:&quot;Cart type is invalid&quot;;s:5:&quot;value&quot;;s:9:&quot;File2Cart&quot;;}s:21:&quot;sourcealreadyProvided&quot;;a:4:{s:5:&quot;title&quot;;s:28:&quot;source Data already provided&quot;;s:5:&quot;group&quot;;s:11:&quot;source info&quot;;s:5:&quot;flags&quot;;i:0;s:5:&quot;value&quot;;s:0:&quot;&quot;;}s:9:&quot;sourceurl&quot;;a:4:{s:5:&quot;title&quot;;s:16:&quot;source Store URL&quot;;s:5:&quot;group&quot;;s:11:&quot;source info&quot;;s:5:&quot;flags&quot;;i:3;s:5:&quot;value&quot;;s:18:&quot;http://fdfdsfs.com&quot;;}s:14:&quot;sourceadminUrl&quot;;a:4:{s:5:&quot;title&quot;;s:16:&quot;source Admin URL&quot;;s:5:&quot;group&quot;;s:11:&quot;source info&quot;;s:5:&quot;flags&quot;;i:11;s:5:&quot;value&quot;;s:23:&quot;http://target.com/dasda&quot;;}s:16:&quot;sourceadminLogin&quot;;a:4:{s:5:&quot;title&quot;;s:18:&quot;source Admin login&quot;;s:5:&quot;group&quot;;s:11:&quot;source info&quot;;s:5:&quot;flags&quot;;i:9;s:5:&quot;value&quot;;s:6:&quot;dsadsa&quot;;}s:19:&quot;sourceadminPassword&quot;;a:4:{s:5:&quot;title&quot;;s:21:&quot;source Admin password&quot;;s:5:&quot;group&quot;;s:11:&quot;source info&quot;;s:5:&quot;flags&quot;;i:9;s:5:&quot;value&quot;;s:6:&quot;dsdasd&quot;;}s:16:&quot;sourceaccessType&quot;;a:4:{s:5:&quot;title&quot;;s:18:&quot;source Access Type&quot;;s:5:&quot;flags&quot;;i:32;s:5:&quot;value&quot;;s:3:&quot;ftp&quot;;s:5:&quot;group&quot;;N;}s:12:&quot;sourceftpUrl&quot;;a:4:{s:5:&quot;title&quot;;s:19:&quot;source FTP Hostname&quot;;s:5:&quot;group&quot;;s:11:&quot;source info&quot;;s:5:&quot;flags&quot;;i:105;s:5:&quot;value&quot;;N;}s:14:&quot;sourceftpLogin&quot;;a:4:{s:5:&quot;title&quot;;s:16:&quot;source FTP Login&quot;;s:5:&quot;group&quot;;s:11:&quot;source info&quot;;s:5:&quot;flags&quot;;i:105;s:5:&quot;value&quot;;N;}s:17:&quot;sourceftpPassword&quot;;a:4:{s:5:&quot;title&quot;;s:19:&quot;source FTP Password&quot;;s:5:&quot;group&quot;;s:11:&quot;source info&quot;;s:5:&quot;flags&quot;;i:105;s:5:&quot;value&quot;;N;}s:12:&quot;sourceftpDir&quot;;a:4:{s:5:&quot;title&quot;;s:20:&quot;source FTP Directory&quot;;s:5:&quot;group&quot;;s:11:&quot;source info&quot;;s:5:&quot;flags&quot;;i:104;s:5:&quot;value&quot;;N;}s:13:&quot;sourceftpPort&quot;;a:4:{s:5:&quot;title&quot;;s:15:&quot;source FTP Port&quot;;s:5:&quot;group&quot;;s:11:&quot;source info&quot;;s:5:&quot;flags&quot;;i:104;s:5:&quot;value&quot;;N;}s:20:&quot;sourcecpanelUserName&quot;;a:4:{s:5:&quot;title&quot;;s:15:&quot;source Username&quot;;s:5:&quot;group&quot;;s:11:&quot;source info&quot;;s:5:&quot;flags&quot;;i:297;s:5:&quot;value&quot;;N;}s:20:&quot;sourcecpanelPassword&quot;;a:4:{s:5:&quot;title&quot;;s:15:&quot;source Password&quot;;s:5:&quot;group&quot;;s:11:&quot;source info&quot;;s:5:&quot;flags&quot;;i:297;s:5:&quot;value&quot;;N;}s:13:&quot;sourcesshHost&quot;;a:4:{s:5:&quot;title&quot;;s:15:&quot;source SSH Host&quot;;s:5:&quot;group&quot;;s:11:&quot;source info&quot;;s:5:&quot;flags&quot;;i:169;s:5:&quot;value&quot;;N;}s:13:&quot;sourcesshPort&quot;;a:4:{s:5:&quot;title&quot;;s:15:&quot;source SSH Port&quot;;s:5:&quot;group&quot;;s:11:&quot;source info&quot;;s:5:&quot;flags&quot;;i:169;s:5:&quot;value&quot;;N;}s:13:&quot;sourcesshUser&quot;;a:4:{s:5:&quot;title&quot;;s:15:&quot;source SSH User&quot;;s:5:&quot;group&quot;;s:11:&quot;source info&quot;;s:5:&quot;flags&quot;;i:169;s:5:&quot;value&quot;;N;}s:17:&quot;sourcesshAuthType&quot;;a:4:{s:5:&quot;title&quot;;s:16:&quot;source Auth Type&quot;;s:5:&quot;group&quot;;s:11:&quot;source info&quot;;s:5:&quot;flags&quot;;i:169;s:5:&quot;value&quot;;N;}s:17:&quot;sourcesshPassword&quot;;a:4:{s:5:&quot;title&quot;;s:19:&quot;source SSH Password&quot;;s:5:&quot;group&quot;;s:11:&quot;source info&quot;;s:5:&quot;flags&quot;;i:168;s:5:&quot;value&quot;;N;}s:12:&quot;sourcesshKey&quot;;a:4:{s:5:&quot;title&quot;;s:18:&quot;source Private Key&quot;;s:5:&quot;group&quot;;s:11:&quot;source info&quot;;s:5:&quot;flags&quot;;i:168;s:5:&quot;value&quot;;N;}s:19:&quot;sourcesshPassphrase&quot;;a:4:{s:5:&quot;title&quot;;s:17:&quot;source Passphrase&quot;;s:5:&quot;group&quot;;s:11:&quot;source info&quot;;s:5:&quot;flags&quot;;i:168;s:5:&quot;value&quot;;N;}s:12:&quot;targetcartId&quot;;a:5:{s:5:&quot;title&quot;;s:20:&quot;target Shopping Cart&quot;;s:5:&quot;group&quot;;s:11:&quot;target info&quot;;s:5:&quot;flags&quot;;i:1;s:7:&quot;message&quot;;s:20:&quot;Cart type is invalid&quot;;s:5:&quot;value&quot;;s:7:&quot;Shopify&quot;;}s:21:&quot;targetalreadyProvided&quot;;a:4:{s:5:&quot;title&quot;;s:28:&quot;target Data already provided&quot;;s:5:&quot;group&quot;;s:11:&quot;target info&quot;;s:5:&quot;flags&quot;;i:0;s:5:&quot;value&quot;;s:0:&quot;&quot;;}s:9:&quot;targeturl&quot;;a:4:{s:5:&quot;title&quot;;s:16:&quot;target Store URL&quot;;s:5:&quot;group&quot;;s:11:&quot;target info&quot;;s:5:&quot;flags&quot;;i:3;s:5:&quot;value&quot;;s:22:&quot;http://targedasdat.com&quot;;}s:14:&quot;targetadminUrl&quot;;a:4:{s:5:&quot;title&quot;;s:16:&quot;target Admin URL&quot;;s:5:&quot;group&quot;;s:11:&quot;target info&quot;;s:5:&quot;flags&quot;;i:11;s:5:&quot;value&quot;;s:20:&quot;http://dasdsadad.com&quot;;}s:16:&quot;targetadminLogin&quot;;a:4:{s:5:&quot;title&quot;;s:18:&quot;target Admin login&quot;;s:5:&quot;group&quot;;s:11:&quot;target info&quot;;s:5:&quot;flags&quot;;i:9;s:5:&quot;value&quot;;s:5:&quot;dasdd&quot;;}s:19:&quot;targetadminPassword&quot;;a:4:{s:5:&quot;title&quot;;s:21:&quot;target Admin password&quot;;s:5:&quot;group&quot;;s:11:&quot;target info&quot;;s:5:&quot;flags&quot;;i:9;s:5:&quot;value&quot;;s:5:&quot;dasda&quot;;}s:16:&quot;targetaccessType&quot;;a:4:{s:5:&quot;title&quot;;s:18:&quot;target Access Type&quot;;s:5:&quot;flags&quot;;i:32;s:5:&quot;value&quot;;s:3:&quot;ftp&quot;;s:5:&quot;group&quot;;N;}s:12:&quot;targetftpUrl&quot;;a:4:{s:5:&quot;title&quot;;s:19:&quot;target FTP Hostname&quot;;s:5:&quot;group&quot;;s:11:&quot;target info&quot;;s:5:&quot;flags&quot;;i:105;s:5:&quot;value&quot;;N;}s:14:&quot;targetftpLogin&quot;;a:4:{s:5:&quot;title&quot;;s:16:&quot;target FTP Login&quot;;s:5:&quot;group&quot;;s:11:&quot;target info&quot;;s:5:&quot;flags&quot;;i:105;s:5:&quot;value&quot;;N;}s:17:&quot;targetftpPassword&quot;;a:4:{s:5:&quot;title&quot;;s:19:&quot;target FTP Password&quot;;s:5:&quot;group&quot;;s:11:&quot;target info&quot;;s:5:&quot;flags&quot;;i:105;s:5:&quot;value&quot;;N;}s:12:&quot;targetftpDir&quot;;a:4:{s:5:&quot;title&quot;;s:20:&quot;target FTP Directory&quot;;s:5:&quot;group&quot;;s:11:&quot;target info&quot;;s:5:&quot;flags&quot;;i:104;s:5:&quot;value&quot;;N;}s:13:&quot;targetftpPort&quot;;a:4:{s:5:&quot;title&quot;;s:15:&quot;target FTP Port&quot;;s:5:&quot;group&quot;;s:11:&quot;target info&quot;;s:5:&quot;flags&quot;;i:104;s:5:&quot;value&quot;;N;}s:20:&quot;targetcpanelUserName&quot;;a:4:{s:5:&quot;title&quot;;s:15:&quot;target Username&quot;;s:5:&quot;group&quot;;s:11:&quot;target info&quot;;s:5:&quot;flags&quot;;i:297;s:5:&quot;value&quot;;N;}s:20:&quot;targetcpanelPassword&quot;;a:4:{s:5:&quot;title&quot;;s:15:&quot;target Password&quot;;s:5:&quot;group&quot;;s:11:&quot;target info&quot;;s:5:&quot;flags&quot;;i:297;s:5:&quot;value&quot;;N;}s:13:&quot;targetsshHost&quot;;a:4:{s:5:&quot;title&quot;;s:15:&quot;target SSH Host&quot;;s:5:&quot;group&quot;;s:11:&quot;target info&quot;;s:5:&quot;flags&quot;;i:169;s:5:&quot;value&quot;;N;}s:13:&quot;targetsshPort&quot;;a:4:{s:5:&quot;title&quot;;s:15:&quot;target SSH Port&quot;;s:5:&quot;group&quot;;s:11:&quot;target info&quot;;s:5:&quot;flags&quot;;i:169;s:5:&quot;value&quot;;N;}s:13:&quot;targetsshUser&quot;;a:4:{s:5:&quot;title&quot;;s:15:&quot;target SSH User&quot;;s:5:&quot;group&quot;;s:11:&quot;target info&quot;;s:5:&quot;flags&quot;;i:169;s:5:&quot;value&quot;;N;}s:17:&quot;targetsshAuthType&quot;;a:4:{s:5:&quot;title&quot;;s:16:&quot;target Auth Type&quot;;s:5:&quot;group&quot;;s:11:&quot;target info&quot;;s:5:&quot;flags&quot;;i:169;s:5:&quot;value&quot;;N;}s:17:&quot;targetsshPassword&quot;;a:4:{s:5:&quot;title&quot;;s:19:&quot;target SSH Password&quot;;s:5:&quot;group&quot;;s:11:&quot;target info&quot;;s:5:&quot;flags&quot;;i:168;s:5:&quot;value&quot;;N;}s:12:&quot;targetsshKey&quot;;a:4:{s:5:&quot;title&quot;;s:18:&quot;target Private Key&quot;;s:5:&quot;group&quot;;s:11:&quot;target info&quot;;s:5:&quot;flags&quot;;i:168;s:5:&quot;value&quot;;N;}s:19:&quot;targetsshPassphrase&quot;;a:4:{s:5:&quot;title&quot;;s:17:&quot;target Passphrase&quot;;s:5:&quot;group&quot;;s:11:&quot;target info&quot;;s:5:&quot;flags&quot;;i:168;s:5:&quot;value&quot;;N;}}}',0.02,'2022-03-30 21:20:01','10.0.3.1','N','1970-01-01 00:00:01','regular',0),(19,9,0,0.00,37,38,0,0.00,0.00,'created',NULL,NULL,0,0,'pending','N',0,0.00,'a:0:{}','a:0:{}','0','0','','',0.00,0.00,0,0,0,0,'N','',0.02,'2022-03-30 21:22:21','10.0.3.1','N','1970-01-01 00:00:01','regular',0),(20,9,0,0.00,39,40,0,0.00,0.00,'created',NULL,NULL,0,0,'pending','N',0,0.00,'a:0:{}','a:0:{}','0','0','','',0.00,0.00,0,0,0,0,'N','',0.02,'2022-03-30 21:29:11','10.0.3.1','N','1970-01-01 00:00:01','regular',0),(21,9,0,0.00,41,42,0,0.00,0.00,'created',NULL,NULL,0,0,'pending','N',0,0.00,'a:0:{}','a:0:{}','0','0','','',0.00,0.00,0,0,0,0,'N','',0.02,'2022-03-30 21:36:53','10.0.3.1','N','1970-01-01 00:00:01','regular',0),(22,9,0,0.00,43,44,0,0.00,0.00,'created',NULL,NULL,0,0,'pending','N',0,0.00,'a:0:{}','a:0:{}','0','0','','',0.00,0.00,0,0,0,0,'N','',0.02,'2022-03-30 21:39:39','10.0.3.1','N','1970-01-01 00:00:01','regular',0),(23,9,0,0.00,45,46,0,0.00,0.00,'created',NULL,NULL,0,0,'pending','N',0,0.00,'a:0:{}','a:0:{}','0','0','','',0.00,0.00,0,0,0,0,'N','',0.02,'2022-03-30 21:55:54','10.0.3.1','N','1970-01-01 00:00:01','regular',0),(24,9,0,0.00,47,48,0,0.00,0.00,'created',NULL,NULL,0,0,'pending','N',0,0.00,'a:0:{}','a:0:{}','0','0','','',0.00,0.00,0,0,0,0,'Y','',0.02,'2022-03-30 22:57:19','10.0.3.1','N','1970-01-01 00:00:01','regular',0),(25,9,0,0.00,49,50,0,0.00,0.00,'created',NULL,NULL,0,0,'pending','N',0,0.00,'a:0:{}','a:0:{}','0','0','','',0.00,0.00,0,0,0,0,'N','',0.02,'2022-03-30 22:58:40','10.0.3.1','N','1970-01-01 00:00:01','regular',0),(26,9,0,0.00,51,52,0,0.00,0.00,'created',NULL,NULL,0,0,'pending','N',0,0.00,'a:0:{}','a:0:{}','0','0','','',0.00,0.00,0,0,0,0,'N','',0.02,'2022-03-30 23:08:36','10.0.3.1','N','1970-01-01 00:00:01','regular',0),(27,9,0,0.00,53,54,0,0.00,0.00,'created',NULL,NULL,0,0,'pending','N',0,0.00,'a:0:{}','a:0:{}','0','0','','',0.00,0.00,0,0,0,0,'N','',0.02,'2022-03-31 10:45:56','10.0.3.1','N','1970-01-01 00:00:01','regular',0),(28,9,0,0.00,55,56,0,0.00,0.00,'created',NULL,NULL,0,0,'pending','N',0,0.00,'a:0:{}','a:0:{}','0','0','','',0.00,0.00,0,0,0,0,'N','',0.02,'2022-03-31 12:57:12','10.0.3.1','N','1970-01-01 00:00:01','regular',0),(29,9,0,0.00,57,58,0,0.00,0.00,'created',NULL,NULL,0,0,'pending','N',0,0.00,'a:0:{}','a:0:{}','0','0','','',0.00,0.00,0,0,0,0,'N','',0.02,'2022-03-31 13:19:53','10.0.3.1','N','1970-01-01 00:00:01','regular',0);
/*!40000 ALTER TABLE `migrations` ENABLE KEYS */;
UNLOCK TABLES;

--
-- Table structure for table `migrations_data`
--

DROP TABLE IF EXISTS `migrations_data`;
/*!40101 SET @saved_cs_client     = @@character_set_client */;
/*!40101 SET character_set_client = utf8 */;
CREATE TABLE `migrations_data` (
                                   `id` int(11) unsigned NOT NULL AUTO_INCREMENT,
                                   `migration_id` int(11) NOT NULL,
                                   `key` varchar(50) COLLATE utf8_bin DEFAULT NULL,
                                   `value` mediumblob DEFAULT NULL,
                                   UNIQUE KEY `migration_id_key_UNIQUE` (`migration_id`,`key`),
                                   KEY `id` (`id`),
                                   KEY `migration_id` (`migration_id`)
) ENGINE=InnoDB AUTO_INCREMENT=32 DEFAULT CHARSET=utf8 COLLATE=utf8_bin COMMENT='Rarely used migrations data';
/*!40101 SET character_set_client = @saved_cs_client */;

--
-- Dumping data for table `migrations_data`
--

LOCK TABLES `migrations_data` WRITE;
/*!40000 ALTER TABLE `migrations_data` DISABLE KEYS */;
INSERT INTO `migrations_data` VALUES (1,1,'clear_last_demo_instructions',NULL),(2,1,'entities_history',NULL),(3,2,'clear_last_demo_instructions',NULL),(4,2,'entities_history',NULL),(5,3,'clear_last_demo_instructions',NULL),(6,4,'clear_last_demo_instructions',NULL),(7,5,'clear_last_demo_instructions',NULL),(8,6,'clear_last_demo_instructions',NULL),(9,7,'clear_last_demo_instructions',NULL),(10,8,'clear_last_demo_instructions',NULL),(11,9,'clear_last_demo_instructions',NULL),(12,10,'clear_last_demo_instructions',NULL),(13,11,'clear_last_demo_instructions',NULL),(14,12,'clear_last_demo_instructions',NULL),(15,13,'clear_last_demo_instructions',NULL),(16,14,'clear_last_demo_instructions',NULL),(17,15,'clear_last_demo_instructions',NULL),(18,16,'clear_last_demo_instructions',NULL),(19,17,'clear_last_demo_instructions',NULL),(20,18,'clear_last_demo_instructions',NULL),(21,19,'clear_last_demo_instructions',NULL),(22,20,'clear_last_demo_instructions',NULL),(23,21,'clear_last_demo_instructions',NULL),(24,22,'clear_last_demo_instructions',NULL),(25,23,'clear_last_demo_instructions',NULL),(26,24,'clear_last_demo_instructions',NULL),(27,25,'clear_last_demo_instructions',NULL),(28,26,'clear_last_demo_instructions',NULL),(29,27,'clear_last_demo_instructions',NULL),(30,28,'clear_last_demo_instructions',NULL),(31,29,'clear_last_demo_instructions',NULL);
/*!40000 ALTER TABLE `migrations_data` ENABLE KEYS */;
UNLOCK TABLES;

--
-- Table structure for table `migrations_rates`
--

DROP TABLE IF EXISTS `migrations_rates`;
/*!40101 SET @saved_cs_client     = @@character_set_client */;
/*!40101 SET character_set_client = utf8 */;
CREATE TABLE `migrations_rates` (
                                    `id` int(11) unsigned NOT NULL AUTO_INCREMENT,
                                    `migration_id` int(11) unsigned NOT NULL,
                                    `status_history_id` int(11) unsigned DEFAULT NULL,
                                    `account_id` int(11) unsigned NOT NULL,
                                    `date` datetime NOT NULL,
                                    `rate` int(1) unsigned NOT NULL,
                                    `easy_of_use` int(1) unsigned DEFAULT 0,
                                    `customer_support` int(1) unsigned DEFAULT 0,
                                    `data_migration` int(1) unsigned DEFAULT 0,
                                    `allow_review` int(1) unsigned DEFAULT 0,
                                    `coupon` int(11) unsigned DEFAULT NULL,
                                    `comment` text DEFAULT NULL,
                                    `marketplace_link` varchar(255) DEFAULT NULL,
                                    `entities` varchar(70) DEFAULT NULL,
                                    PRIMARY KEY (`id`),
                                    KEY `migrations_rates_account_id_index` (`account_id`),
                                    KEY `migrations_rates_migration_id_index` (`migration_id`),
                                    KEY `migrations_rates_status_history_id_index` (`status_history_id`)
) ENGINE=InnoDB DEFAULT CHARSET=latin1;
/*!40101 SET character_set_client = @saved_cs_client */;

--
-- Dumping data for table `migrations_rates`
--

LOCK TABLES `migrations_rates` WRITE;
/*!40000 ALTER TABLE `migrations_rates` DISABLE KEYS */;
/*!40000 ALTER TABLE `migrations_rates` ENABLE KEYS */;
UNLOCK TABLES;

--
-- Table structure for table `migrations_status_history`
--

DROP TABLE IF EXISTS `migrations_status_history`;
/*!40101 SET @saved_cs_client     = @@character_set_client */;
/*!40101 SET character_set_client = utf8 */;
CREATE TABLE `migrations_status_history` (
                                             `id` int(11) NOT NULL AUTO_INCREMENT,
                                             `migration_id` int(11) NOT NULL DEFAULT 0,
                                             `performer_id` int(11) NOT NULL DEFAULT 0,
                                             `date` datetime DEFAULT NULL,
                                             `status` varchar(50) CHARACTER SET latin1 DEFAULT NULL,
                                             `details` text CHARACTER SET latin1 DEFAULT NULL,
                                             PRIMARY KEY (`id`),
                                             KEY `migration_id_idx` (`migration_id`),
                                             KEY `status_idx` (`status`),
                                             KEY `migration_status_idx` (`migration_id`,`status`),
                                             KEY `date` (`date`)
) ENGINE=MyISAM AUTO_INCREMENT=30 DEFAULT CHARSET=utf8 COLLATE=utf8_bin ROW_FORMAT=DYNAMIC;
/*!40101 SET character_set_client = @saved_cs_client */;

--
-- Dumping data for table `migrations_status_history`
--

LOCK TABLES `migrations_status_history` WRITE;
/*!40000 ALTER TABLE `migrations_status_history` DISABLE KEYS */;
INSERT INTO `migrations_status_history` VALUES (1,1,2,'2022-03-28 11:18:21','created','New migration was created'),(2,2,9,'2022-03-29 21:23:49','created','New migration was created'),(3,3,9,'2022-03-30 15:47:05','created','New migration was created'),(4,4,9,'2022-03-30 15:59:12','created','New migration was created'),(5,5,9,'2022-03-30 17:12:16','created','New migration was created'),(6,6,9,'2022-03-30 17:39:20','created','New migration was created'),(7,7,9,'2022-03-30 18:04:53','created','New migration was created'),(8,8,9,'2022-03-30 18:18:19','created','New migration was created'),(9,9,9,'2022-03-30 18:21:31','created','New migration was created'),(10,10,9,'2022-03-30 18:31:54','created','New migration was created'),(11,11,9,'2022-03-30 18:46:48','created','New migration was created'),(12,12,9,'2022-03-30 18:55:25','created','New migration was created'),(13,13,9,'2022-03-30 18:57:07','created','New migration was created'),(14,14,9,'2022-03-30 19:08:19','created','New migration was created'),(15,15,9,'2022-03-30 19:17:29','created','New migration was created'),(16,16,9,'2022-03-30 19:57:48','created','New migration was created'),(17,17,9,'2022-03-30 20:09:58','created','New migration was created'),(18,18,9,'2022-03-30 21:20:01','created','New migration was created'),(19,19,9,'2022-03-30 21:22:21','created','New migration was created'),(20,20,9,'2022-03-30 21:29:11','created','New migration was created'),(21,21,9,'2022-03-30 21:36:53','created','New migration was created'),(22,22,9,'2022-03-30 21:39:39','created','New migration was created'),(23,23,9,'2022-03-30 21:55:54','created','New migration was created'),(24,24,9,'2022-03-30 22:57:19','created','New migration was created'),(25,25,9,'2022-03-30 22:58:40','created','New migration was created'),(26,26,9,'2022-03-30 23:08:36','created','New migration was created'),(27,27,9,'2022-03-31 10:45:56','created','New migration was created'),(28,28,9,'2022-03-31 12:57:12','created','New migration was created'),(29,29,9,'2022-03-31 13:19:53','created','New migration was created');
/*!40000 ALTER TABLE `migrations_status_history` ENABLE KEYS */;
UNLOCK TABLES;

--
-- Table structure for table `migrations_stores`
--

DROP TABLE IF EXISTS `migrations_stores`;
/*!40101 SET @saved_cs_client     = @@character_set_client */;
/*!40101 SET character_set_client = utf8 */;
CREATE TABLE `migrations_stores` (
                                     `id` int(11) NOT NULL AUTO_INCREMENT,
                                     `cart_id` varchar(255) CHARACTER SET latin1 NOT NULL DEFAULT '',
                                     `account_id` int(11) NOT NULL DEFAULT 0,
                                     `name` varchar(255) CHARACTER SET latin1 DEFAULT NULL,
                                     `url` varchar(255) CHARACTER SET latin1 DEFAULT NULL,
                                     `ip_address` varchar(150) COLLATE utf8_bin DEFAULT NULL,
                                     `var` mediumblob NOT NULL,
                                     `cart_version` varchar(16) COLLATE utf8_bin DEFAULT '',
                                     `is_cart_preview` tinyint(1) NOT NULL DEFAULT 0,
                                     `is_cart_preview_admin_created` tinyint(1) NOT NULL DEFAULT 0,
                                     PRIMARY KEY (`id`),
                                     KEY `cart_id_idx` (`cart_id`) USING BTREE,
                                     KEY `migrations_stores_account_id_index` (`account_id`)
) ENGINE=InnoDB AUTO_INCREMENT=59 DEFAULT CHARSET=utf8 COLLATE=utf8_bin ROW_FORMAT=DYNAMIC COMMENT='Information about stores: source or target';
/*!40101 SET character_set_client = @saved_cs_client */;

--
-- Dumping data for table `migrations_stores`
--

LOCK TABLES `migrations_stores` WRITE;
/*!40000 ALTER TABLE `migrations_stores` DISABLE KEYS */;
INSERT INTO `migrations_stores` VALUES (1,'Magento',2,NULL,'','','a:1:{s:5:\"token\";s:25:\"PASTE_SECURITY_TOKEN_HERE\";}','1.1.0',0,0),(2,'Shopify',2,NULL,'','','a:0:{}','affiliate',0,0),(3,'Virtuemart',9,NULL,'','','a:1:{s:5:\"token\";s:32:\"fd9d4451cc0f981734c8d27d6e5d6cb8\";}','1.1.0',0,0),(4,'Shopify',9,NULL,'','','a:1:{s:11:\"apiPassword\";s:38:\"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\";}','affiliate',0,0),(5,'File2Cart',9,NULL,'http://fdfdsfs.com/','','a:0:{}','CSV',0,0),(6,'Shopify',9,NULL,'https://targedasdat.com/','','a:0:{}','affiliate',0,0),(7,'File2Cart',9,NULL,'http://fdfdsfs.com/','','a:0:{}','CSV',0,0),(8,'Shopify',9,NULL,'https://targdasdaet.com/','','a:0:{}','affiliate',0,0),(9,'File2Cart',9,NULL,'http://fdfdsfs.com/','','a:0:{}','CSV',0,0),(10,'Shopify',9,NULL,'https://targedasdat.com/','','a:0:{}','affiliate',0,0),(11,'File2Cart',9,NULL,'http://fdfdsfs.com/','','a:0:{}','CSV',0,0),(12,'Shopify',9,NULL,'https://targdasdaet.com/','','a:0:{}','affiliate',0,0),(13,'File2Cart',9,NULL,'http://fdfdsfs.com/','','a:0:{}','CSV',0,0),(14,'Shopify',9,NULL,'https://targdasdaet.com/','','a:0:{}','affiliate',0,0),(15,'File2Cart',9,NULL,'http://fdfdsfs.com/','','a:0:{}','CSV',0,0),(16,'Shopify',9,NULL,'https://targedasdat.com/','','a:0:{}','affiliate',0,0),(17,'File2Cart',9,NULL,'http://fdfdsfs.com/','','a:0:{}','CSV',0,0),(18,'Shopify',9,NULL,'https://targdasdaet.com/','','a:0:{}','affiliate',0,0),(19,'File2Cart',9,NULL,'http://fdfdsfs.com/','','a:0:{}','CSV',0,0),(20,'Shopify',9,NULL,'https://targdasdaet.com/','','a:0:{}','affiliate',0,0),(21,'File2Cart',9,NULL,'http://fdfdsfs.com/','','a:0:{}','CSV',0,0),(22,'Shopify',9,NULL,'https://targedasdat.com/','','a:0:{}','affiliate',0,0),(23,'File2Cart',9,NULL,'http://fdfdsfs.com/','','a:0:{}','CSV',0,0),(24,'Shopify',9,NULL,'https://targedasdat.com/','','a:0:{}','affiliate',0,0),(25,'File2Cart',9,NULL,'http://fdfdsfs.com/','','a:0:{}','CSV',0,0),(26,'Shopify',9,NULL,'https://targedasdat.com/','','a:0:{}','affiliate',0,0),(27,'File2Cart',9,NULL,'http://fdfdsfs.com/','','a:0:{}','CSV',0,0),(28,'Shopify',9,NULL,'https://targdasdaet.com/','','a:0:{}','affiliate',0,0),(29,'File2Cart',9,NULL,'http://fdfdsfs.com/','','a:0:{}','CSV',0,0),(30,'Shopify',9,NULL,'https://targdasdaet.com/','','a:0:{}','affiliate',0,0),(31,'File2Cart',9,NULL,'http://fdfdsfs.com/','','a:0:{}','CSV',0,0),(32,'Shopify',9,NULL,'https://targdasdaet.com/','','a:0:{}','affiliate',0,0),(33,'File2Cart',9,NULL,'http://fdfdsfs.com/','','a:0:{}','CSV',0,0),(34,'Shopify',9,NULL,'https://targdasdaet.com/','','a:0:{}','affiliate',0,0),(35,'File2Cart',9,NULL,'http://fdfdsfs.com/','','a:0:{}','CSV',0,0),(36,'Shopify',9,NULL,'https://targedasdat.com/','','a:0:{}','affiliate',0,0),(37,'File2Cart',9,NULL,'http://fdfdsfs.com/','','a:0:{}','CSV',0,0),(38,'Shopify',9,NULL,'https://targedasdat.com/','','a:0:{}','affiliate',0,0),(39,'File2Cart',9,NULL,'http://fdfdsfs.com/','','a:0:{}','CSV',0,0),(40,'Shopify',9,NULL,'https://targedasdat.com/','','a:0:{}','affiliate',0,0),(41,'File2Cart',9,NULL,'http://fdfdsfs.com/','','a:0:{}','CSV',0,0),(42,'Shopify',9,NULL,'https://targedasdat.com/','','a:0:{}','affiliate',0,0),(43,'File2Cart',9,NULL,'http://fdfdsfs.com/','','a:0:{}','CSV',0,0),(44,'Shopify',9,NULL,'https://targedasdat.com/','','a:0:{}','affiliate',0,0),(45,'File2Cart',9,NULL,'http://fdfdsfs.com/','','a:0:{}','CSV',0,0),(46,'Shopify',9,NULL,'https://targdasdaet.com/','','a:0:{}','affiliate',0,0),(47,'File2Cart',9,NULL,'http://fdfdsfs.com/','','a:0:{}','CSV',0,0),(48,'Shopify',9,NULL,'https://targdasdaet.com/','','a:0:{}','affiliate',0,0),(49,'File2Cart',9,NULL,'http://fdfdsfs.com/','','a:0:{}','CSV',0,0),(50,'Shopify',9,NULL,'https://targdasdaet.com/','','a:0:{}','affiliate',0,0),(51,'File2Cart',9,NULL,'http://fdfdsfs.com/','','a:0:{}','CSV',0,0),(52,'Shopify',9,NULL,'https://targdasdaet.com/','','a:0:{}','affiliate',0,0),(53,'File2Cart',9,NULL,'http://fdfdsfs.com/','','a:0:{}','CSV',0,0),(54,'Shopify',9,NULL,'https://targedasdat.com/','','a:0:{}','affiliate',0,0),(55,'File2Cart',9,NULL,'http://fdfdsfs.com/','','a:0:{}','CSV',0,0),(56,'Shopify',9,NULL,'https://targedasdat.com/','','a:0:{}','affiliate',0,0),(57,'File2Cart',9,NULL,'http://fdfdsfs.com/','','a:0:{}','CSV',0,0),(58,'Shopify',9,NULL,'https://targdasdaet.com/','','a:0:{}','affiliate',0,0);
/*!40000 ALTER TABLE `migrations_stores` ENABLE KEYS */;
UNLOCK TABLES;
/*!40103 SET TIME_ZONE=@OLD_TIME_ZONE */;

/*!40101 SET SQL_MODE=@OLD_SQL_MODE */;
/*!40014 SET FOREIGN_KEY_CHECKS=@OLD_FOREIGN_KEY_CHECKS */;
/*!40014 SET UNIQUE_CHECKS=@OLD_UNIQUE_CHECKS */;
/*!40101 SET CHARACTER_SET_CLIENT=@OLD_CHARACTER_SET_CLIENT */;
/*!40101 SET CHARACTER_SET_RESULTS=@OLD_CHARACTER_SET_RESULTS */;
/*!40101 SET COLLATION_CONNECTION=@OLD_COLLATION_CONNECTION */;
/*!40111 SET SQL_NOTES=@OLD_SQL_NOTES */;

-- Dump completed on 2022-04-13 15:55:35
